Province/State,Country/Region,Lat,Long,22-01-2020,23-01-2020,24-01-2020,25-01-2020,26-01-2020,27-01-2020,28-01-2020,29-01-2020,30-01-2020,31-01-2020,01-02-2020,02-02-2020,03-02-2020,04-02-2020,05-02-2020,06-02-2020,07-02-2020,08-02-2020,09-02-2020,10-02-2020,11-02-2020,12-02-2020,13-02-2020,14-02-2020,15-02-2020,16-02-2020,17-02-2020,18-02-2020,19-02-2020,20-02-2020,21-02-2020,22-02-2020,23-02-2020,24-02-2020,25-02-2020,26-02-2020,27-02-2020,28-02-2020,29-02-2020,01-03-2020,02-03-2020,03-03-2020,04-03-2020,05-03-2020,06-03-2020,07-03-2020,08-03-2020,09-03-2020,10-03-2020,11-03-2020,12-03-2020,13-03-2020,14-03-2020,15-03-2020,16-03-2020,17-03-2020,18-03-2020,19-03-2020,20-03-2020,21-03-2020,22-03-2020,23-03-2020,24-03-2020,25-03-2020,26-03-2020,27-03-2020,28-03-2020,29-03-2020,30-03-2020,31-03-2020,01-04-2020,02-04-2020,03-04-2020,04-04-2020,05-04-2020,06-04-2020,07-04-2020,08-04-2020,09-04-2020,10-04-2020,11-04-2020,12-04-2020,13-04-2020,14-04-2020,15-04-2020,16-04-2020,17-04-2020,18-04-2020,19-04-2020,20-04-2020,21-04-2020,22-04-2020,23-04-2020,24-04-2020,25-04-2020,26-04-2020,27-04-2020,28-04-2020,29-04-2020,30-04-2020,01-05-2020
nan,Afghanistan,33.0,65.0,0,0,0,0,0,0,0,0,0,0,0,0,0,0,0,0,0,0,0,0,0,0,0,0,0,0,0,0,0,0,0,0,0,1,1,1,1,1,1,1,1,1,1,1,1,1,4,4,5,7,7,7,11,16,21,22,22,22,24,24,40,40,74,84,94,110,110,120,170,174,237,273,281,299,349,367,423,444,484,521,555,607,665,714,784,840,906,933,996,1026,1092,1141.0,1198.0,1252.0,1308.0,1366.0,1428.0,1485.0,1549.0,1613.0,1680.0
nan,Albania,41.1533,20.1683,0,0,0,0,0,0,0,0,0,0,0,0,0,0,0,0,0,0,0,0,0,0,0,0,0,0,0,0,0,0,0,0,0,0,0,0,0,0,0,0,0,0,0,0,0,0,0,2,10,12,23,33,38,42,51,55,59,64,70,76,89,104,123,146,174,186,197,212,223,243,259,277,304,333,361,377,383,400,409,416,433,446,467,475,494,518,539,548,562,584,609,623.0,637.0,650.0,660.0,669.0,677.0,684.0,689.0,692.0,694.0
nan,Algeria,28.0339,1.6596,0,0,0,0,0,0,0,0,0,0,0,0,0,0,0,0,0,0,0,0,0,0,0,0,0,0,0,0,0,0,0,0,0,0,1,1,1,1,1,1,3,5,12,12,17,17,19,20,20,20,24,26,37,48,54,60,74,87,90,139,201,230,264,302,367,409,454,511,584,716,847,986,1171,1251,1320,1423,1468,1572,1666,1761,1825,1914,1983,2070,2160,2268,2418,2534,2629,2718,2811,2891.0,2975.0,3060.0,3139.0,3208.0,3283.0,3348.0,3411.0,3471.0,3530.0
nan,Andorra,42.5063,1.5218,0,0,0,0,0,0,0,0,0,0,0,0,0,0,0,0,0,0,0,0,0,0,0,0,0,0,0,0,0,0,0,0,0,0,0,0,0,0,0,0,1,1,1,1,1,1,1,1,1,1,1,1,1,1,2,39,39,53,75,88,113,133,164,188,224,267,308,334,370,376,390,428,439,466,501,525,545,564,583,601,601,638,646,659,673,673,696,704,713,717,717,721.0,723.0,725.0,726.0,727.0,728.0,729.0,730.0,731.0,732.0
nan,Angola,-11.2027,17.8739,0,0,0,0,0,0,0,0,0,0,0,0,0,0,0,0,0,0,0,0,0,0,0,0,0,0,0,0,0,0,0,0,0,0,0,0,0,0,0,0,0,0,0,0,0,0,0,0,0,0,0,0,0,0,0,0,0,0,1,2,2,3,3,3,4,4,5,7,7,7,8,8,8,10,14,16,17,19,19,19,19,19,19,19,19,19,19,24,24,24,24,25.0,26.0,27.0,28.0,29.0,30.0,31.0,32.0,33.0,34.0
nan,Antigua and Barbuda,17.0608,-61.7964,0,0,0,0,0,0,0,0,0,0,0,0,0,0,0,0,0,0,0,0,0,0,0,0,0,0,0,0,0,0,0,0,0,0,0,0,0,0,0,0,0,0,0,0,0,0,0,0,0,0,0,1,1,1,1,1,1,1,1,1,1,3,3,3,7,7,7,7,7,7,7,9,15,15,15,15,19,19,19,19,21,21,23,23,23,23,23,23,23,23,23,24.0,25.0,26.0,27.0,28.0,29.0,30.0,31.0,32.0,33.0
nan,Argentina,-38.4161,-63.6167,0,0,0,0,0,0,0,0,0,0,0,0,0,0,0,0,0,0,0,0,0,0,0,0,0,0,0,0,0,0,0,0,0,0,0,0,0,0,0,0,0,1,1,1,2,8,12,12,17,19,19,31,34,45,56,68,79,97,128,158,266,301,387,387,502,589,690,745,820,1054,1054,1133,1265,1451,1451,1554,1628,1715,1795,1975,1975,2142,2208,2277,2443,2571,2669,2758,2839,2941,3031,3117.0,3200.0,3278.0,3360.0,3439.0,3516.0,3593.0,3665.0,3735.0,3809.0
nan,Armenia,40.0691,45.0382,0,0,0,0,0,0,0,0,0,0,0,0,0,0,0,0,0,0,0,0,0,0,0,0,0,0,0,0,0,0,0,0,0,0,0,0,0,0,0,1,1,1,1,1,1,1,1,1,1,1,4,8,18,26,52,78,84,115,136,160,194,235,249,265,290,329,407,424,482,532,571,663,736,770,822,833,853,881,921,937,967,1013,1039,1067,1111,1159,1201,1248,1291,1339,1401,1437.0,1472.0,1505.0,1538.0,1569.0,1598.0,1629.0,1655.0,1681.0,1705.0
Australian Capital Territory,Australia,-35.4735,149.0124,0,0,0,0,0,0,0,0,0,0,0,0,0,0,0,0,0,0,0,0,0,0,0,0,0,0,0,0,0,0,0,0,0,0,0,0,0,0,0,0,0,0,0,0,0,0,0,0,0,0,0,1,1,1,2,2,3,4,6,9,19,32,39,39,53,62,71,77,78,80,84,87,91,93,96,96,96,99,100,103,103,103,102,103,103,103,103,103,103,103,103,104.0,105.0,106.0,107.0,108.0,109.0,110.0,111.0,112.0,113.0
New South Wales,Australia,-33.8688,151.2093,0,0,0,0,3,4,4,4,4,4,4,4,4,4,4,4,4,4,4,4,4,4,4,4,4,4,4,4,4,4,4,4,4,4,4,4,4,4,4,6,6,13,22,22,26,28,38,48,55,65,65,92,112,134,171,210,267,307,353,436,669,669,818,1029,1219,1405,1617,1791,2032,2032,2182,2298,2389,2493,2580,2637,2686,2734,2773,2822,2857,2857,2863,2870,2886,2897,2926,2926,2926,2926,2926,2927.0,2928.0,2929.0,2930.0,2931.0,2932.0,2933.0,2934.0,2935.0,2936.0
Northern Territory,Australia,-12.4634,130.8456,0,0,0,0,0,0,0,0,0,0,0,0,0,0,0,0,0,0,0,0,0,0,0,0,0,0,0,0,0,0,0,0,0,0,0,0,0,0,0,0,0,0,1,1,0,0,0,0,1,1,1,1,1,1,1,1,1,1,3,3,5,5,6,6,12,12,15,15,15,17,19,21,22,26,27,28,28,28,28,28,28,28,28,28,28,28,28,28,28,28,28,29.0,30.0,31.0,32.0,33.0,34.0,35.0,36.0,37.0,38.0
Queensland,Australia,-28.0167,153.4,0,0,0,0,0,0,0,1,3,2,3,2,2,3,3,4,5,5,5,5,5,5,5,5,5,5,5,5,5,5,5,5,5,5,5,5,5,5,9,9,9,11,11,13,13,13,15,15,18,20,20,35,46,61,68,78,94,144,184,221,259,319,397,443,493,555,625,656,689,743,781,835,873,900,907,921,934,943,953,965,974,983,987,998,999,1001,1007,1015,1015,1015,1015,1016.0,1017.0,1018.0,1019.0,1020.0,1021.0,1022.0,1023.0,1024.0,1025.0
South Australia,Australia,-34.9285,138.6007,0,0,0,0,0,0,0,0,0,0,1,2,2,2,2,2,2,2,2,2,2,2,2,2,2,2,2,2,2,2,2,2,2,2,2,2,2,2,3,3,3,3,5,5,7,7,7,7,7,9,9,16,19,20,29,29,37,42,50,67,100,134,170,170,235,257,287,299,305,337,367,367,396,407,407,411,411,415,420,428,429,429,429,433,433,433,435,435,435,435,435,436.0,437.0,438.0,439.0,440.0,441.0,442.0,443.0,444.0,445.0
Tasmania,Australia,-41.4545,145.9707,0,0,0,0,0,0,0,0,0,0,0,0,0,0,0,0,0,0,0,0,0,0,0,0,0,0,0,0,0,0,0,0,0,0,0,0,0,0,0,0,1,1,1,1,1,1,2,2,2,3,3,5,5,6,7,7,10,10,10,16,22,28,28,36,47,47,62,66,66,69,69,72,74,80,82,86,89,98,111,122,133,133,144,165,165,169,180,180,180,180,180,181.0,182.0,183.0,184.0,185.0,186.0,187.0,188.0,189.0,190.0
Victoria,Australia,-37.8136,144.9631,0,0,0,0,1,1,1,1,2,3,4,4,4,4,4,4,4,4,4,4,4,4,4,4,4,4,4,4,4,4,4,4,4,4,4,4,4,4,7,7,9,9,10,10,10,11,11,15,18,21,21,36,49,57,71,94,121,121,121,229,355,355,411,466,520,574,685,769,821,917,968,1036,1085,1115,1135,1158,1191,1212,1228,1241,1265,1268,1281,1291,1299,1299,1302,1319,1319,1319,1319,1320.0,1321.0,1322.0,1323.0,1324.0,1325.0,1326.0,1327.0,1328.0,1329.0
Western Australia,Australia,-31.9505,115.8605,0,0,0,0,0,0,0,0,0,0,0,0,0,0,0,0,0,0,0,0,0,0,0,0,0,0,0,0,0,0,0,0,0,0,0,0,0,0,2,2,2,2,2,3,3,3,3,4,6,9,9,14,17,17,28,31,35,52,64,90,120,140,175,175,231,231,278,311,355,364,392,400,400,436,453,460,460,481,495,506,514,514,517,527,527,532,541,541,541,541,541,542.0,543.0,544.0,545.0,546.0,547.0,548.0,549.0,550.0,551.0
nan,Austria,47.5162,14.5501,0,0,0,0,0,0,0,0,0,0,0,0,0,0,0,0,0,0,0,0,0,0,0,0,0,0,0,0,0,0,0,0,0,0,2,2,3,3,9,14,18,21,29,41,55,79,104,131,182,246,302,504,655,860,1018,1332,1646,2013,2388,2814,3582,4474,5283,5588,6909,7657,8271,8788,9618,10180,10711,11129,11524,11781,12051,12297,12639,12942,13244,13555,13806,13945,14041,14226,14336,14476,14595,14671,14749,14795,14873,14930.0,15001.0,15065.0,15122.0,15176.0,15230.0,15286.0,15335.0,15386.0,15435.0
nan,Azerbaijan,40.1431,47.5769,0,0,0,0,0,0,0,0,0,0,0,0,0,0,0,0,0,0,0,0,0,0,0,0,0,0,0,0,0,0,0,0,0,0,0,0,0,0,0,3,3,3,3,6,6,9,9,9,11,11,11,15,15,23,28,28,28,44,44,53,65,72,87,93,122,165,182,209,273,298,359,400,443,521,584,641,717,822,926,991,1058,1098,1148,1197,1253,1283,1340,1373,1398,1436,1480,1513.0,1548.0,1581.0,1612.0,1643.0,1672.0,1703.0,1732.0,1759.0,1786.0
nan,Bahamas,25.0343,-77.3963,0,0,0,0,0,0,0,0,0,0,0,0,0,0,0,0,0,0,0,0,0,0,0,0,0,0,0,0,0,0,0,0,0,0,0,0,0,0,0,0,0,0,0,0,0,0,0,0,0,0,0,0,0,0,1,1,1,3,3,4,4,4,5,5,9,10,10,11,14,14,21,24,24,28,28,29,33,40,41,42,46,46,47,49,49,53,54,55,55,60,65,66.0,67.0,68.0,69.0,70.0,71.0,72.0,73.0,74.0,75.0
nan,Bahrain,26.0275,50.55,0,0,0,0,0,0,0,0,0,0,0,0,0,0,0,0,0,0,0,0,0,0,0,0,0,0,0,0,0,0,0,0,0,1,23,33,33,36,41,47,49,49,52,55,60,85,85,95,110,195,195,195,210,214,214,228,256,278,285,305,334,377,392,419,458,466,476,499,515,567,569,643,672,688,700,756,811,823,887,925,1040,1136,1361,1528,1671,1700,1740,1773,1881,1907,1973,2012.0,2046.0,2078.0,2109.0,2139.0,2169.0,2199.0,2226.0,2254.0,2281.0
nan,Bangladesh,23.685,90.3563,0,0,0,0,0,0,0,0,0,0,0,0,0,0,0,0,0,0,0,0,0,0,0,0,0,0,0,0,0,0,0,0,0,0,0,0,0,0,0,0,0,0,0,0,0,0,3,3,3,3,3,3,3,5,8,10,14,17,20,25,27,33,39,39,44,48,48,48,49,51,54,56,61,70,88,123,164,218,330,424,482,621,803,1012,1231,1572,1838,2144,2456,2948,3382,3738.0,4121.0,4453.0,4782.0,5108.0,5429.0,5727.0,6006.0,6268.0,6516.0
nan,Barbados,13.1939,-59.5432,0,0,0,0,0,0,0,0,0,0,0,0,0,0,0,0,0,0,0,0,0,0,0,0,0,0,0,0,0,0,0,0,0,0,0,0,0,0,0,0,0,0,0,0,0,0,0,0,0,0,0,0,0,0,0,2,2,5,5,6,14,17,18,18,18,24,26,33,33,34,34,46,51,52,56,60,63,63,66,67,68,71,72,72,73,75,75,75,75,75,75,76.0,77.0,78.0,79.0,80.0,81.0,82.0,83.0,84.0,85.0
nan,Belarus,53.7098,27.9534,0,0,0,0,0,0,0,0,0,0,0,0,0,0,0,0,0,0,0,0,0,0,0,0,0,0,0,0,0,0,0,0,0,0,0,0,0,1,1,1,1,1,6,6,6,6,6,6,9,9,12,27,27,27,36,36,51,51,69,76,76,81,81,86,86,94,94,94,152,152,163,304,351,440,562,700,861,1066,1486,1981,2226,2578,2919,3281,3728,4204,4779,4779,4779,6264,6723,7113.0,7610.0,7806.0,8104.0,8420.0,8573.0,8874.0,9078.0,9228.0,9401.0
nan,Belgium,50.8333,4.0,0,0,0,0,0,0,0,0,0,0,0,0,0,1,1,1,1,1,1,1,1,1,1,1,1,1,1,1,1,1,1,1,1,1,1,1,1,1,1,2,8,13,23,50,109,169,200,239,267,314,314,559,689,886,1058,1243,1486,1795,2257,2815,3401,3743,4269,4937,6235,7284,9134,10836,11899,12775,13964,15348,16770,18431,19691,20814,22194,23403,24983,26667,28018,29647,30589,31119,33573,34809,36138,37183,38496,39983,40956,41917.0,43024.0,43960.0,45140.0,46692.0,48111.0,49152.0,49981.0,50719.0,51379.0
nan,Benin,9.3077,2.3158,0,0,0,0,0,0,0,0,0,0,0,0,0,0,0,0,0,0,0,0,0,0,0,0,0,0,0,0,0,0,0,0,0,0,0,0,0,0,0,0,0,0,0,0,0,0,0,0,0,0,0,0,0,0,1,1,2,2,2,2,2,5,6,6,6,6,6,6,6,9,13,13,16,16,22,26,26,26,26,35,35,35,35,35,35,35,35,35,35,54,54,55.0,56.0,57.0,58.0,59.0,60.0,61.0,62.0,63.0,64.0
nan,Bhutan,27.5142,90.4336,0,0,0,0,0,0,0,0,0,0,0,0,0,0,0,0,0,0,0,0,0,0,0,0,0,0,0,0,0,0,0,0,0,0,0,0,0,0,0,0,0,0,0,0,1,1,1,1,1,1,1,1,1,1,1,1,1,1,2,2,2,2,2,2,2,3,3,4,4,4,4,5,5,5,5,5,5,5,5,5,5,5,5,5,5,5,5,5,5,5,6,7.0,8.0,9.0,10.0,11.0,12.0,13.0,14.0,15.0,16.0
nan,Bolivia,-16.2902,-63.5887,0,0,0,0,0,0,0,0,0,0,0,0,0,0,0,0,0,0,0,0,0,0,0,0,0,0,0,0,0,0,0,0,0,0,0,0,0,0,0,0,0,0,0,0,0,0,0,0,0,2,2,3,10,10,11,11,12,12,15,19,24,27,29,32,43,61,74,81,97,107,115,123,132,139,157,183,194,210,264,268,275,300,330,354,397,441,465,493,520,564,598,627.0,656.0,678.0,699.0,717.0,735.0,752.0,768.0,782.0,796.0
nan,Bosnia and Herzegovina,43.9159,17.6791,0,0,0,0,0,0,0,0,0,0,0,0,0,0,0,0,0,0,0,0,0,0,0,0,0,0,0,0,0,0,0,0,0,0,0,0,0,0,0,0,0,0,0,2,2,3,3,3,5,7,11,13,18,24,25,26,38,63,89,93,126,136,166,176,191,237,258,323,368,420,459,533,579,624,654,674,764,804,858,901,946,1009,1037,1083,1110,1167,1214,1268,1285,1309,1342,1368.0,1396.0,1424.0,1452.0,1477.0,1502.0,1523.0,1544.0,1563.0,1581.0
nan,Brazil,-14.235,-51.9253,0,0,0,0,0,0,0,0,0,0,0,0,0,0,0,0,0,0,0,0,0,0,0,0,0,0,0,0,0,0,0,0,0,0,0,1,1,1,2,2,2,2,4,4,13,13,20,25,31,38,52,151,151,162,200,321,372,621,793,1021,1546,1924,2247,2554,2985,3417,3904,4256,4579,5717,6836,8044,9056,10360,11130,12161,14034,16170,18092,19638,20727,22192,23430,25262,28320,30425,33682,36658,38654,40743,43079,45440.0,48022.0,50461.0,52461.0,54421.0,56284.0,58086.0,60018.0,62137.0,64199.0
nan,Brunei,4.5353,114.7277,0,0,0,0,0,0,0,0,0,0,0,0,0,0,0,0,0,0,0,0,0,0,0,0,0,0,0,0,0,0,0,0,0,0,0,0,0,0,0,0,0,0,0,0,0,0,0,1,1,11,11,37,40,50,54,56,68,75,78,83,88,91,104,109,114,115,120,126,127,129,131,133,134,135,135,135,135,135,135,136,136,136,136,136,136,136,136,137,138,138,138,139.0,140.0,141.0,142.0,143.0,144.0,145.0,146.0,147.0,148.0
nan,Bulgaria,42.7339,25.4858,0,0,0,0,0,0,0,0,0,0,0,0,0,0,0,0,0,0,0,0,0,0,0,0,0,0,0,0,0,0,0,0,0,0,0,0,0,0,0,0,0,0,0,0,0,0,4,4,4,7,7,23,41,51,52,67,92,94,127,163,187,201,218,242,264,293,331,346,359,399,422,457,485,503,531,549,577,593,618,635,661,675,685,713,747,800,846,878,894,929,975,1001.0,1029.0,1057.0,1080.0,1101.0,1122.0,1141.0,1159.0,1175.0,1191.0
nan,Burkina Faso,12.2383,-1.5616,0,0,0,0,0,0,0,0,0,0,0,0,0,0,0,0,0,0,0,0,0,0,0,0,0,0,0,0,0,0,0,0,0,0,0,0,0,0,0,0,0,0,0,0,0,0,0,0,1,2,2,2,2,3,15,15,20,33,40,64,75,99,114,146,152,180,207,222,246,261,282,288,302,318,345,364,384,414,443,443,484,497,497,528,542,546,557,565,576,581,600,614.0,629.0,643.0,659.0,674.0,689.0,705.0,719.0,734.0,748.0
nan,Cabo Verde,16.5388,-23.0418,0,0,0,0,0,0,0,0,0,0,0,0,0,0,0,0,0,0,0,0,0,0,0,0,0,0,0,0,0,0,0,0,0,0,0,0,0,0,0,0,0,0,0,0,0,0,0,0,0,0,0,0,0,0,0,0,0,0,1,3,3,3,3,4,4,5,5,6,6,6,6,6,6,7,7,7,7,7,7,7,8,8,10,11,56,56,56,58,61,67,68,72.0,74.0,75.0,76.0,77.0,78.0,79.0,80.0,81.0,82.0
nan,Cambodia,11.55,104.9167,0,0,0,0,0,1,1,1,1,1,1,1,1,1,1,1,1,1,1,1,1,1,1,1,1,1,1,1,1,1,1,1,1,1,1,1,1,1,1,1,1,1,1,1,1,1,2,2,2,3,3,5,7,7,7,33,35,37,51,53,84,87,91,96,96,99,99,103,107,109,109,110,114,114,114,114,115,117,119,119,120,122,122,122,122,122,122,122,122,122,122,123.0,124.0,125.0,126.0,127.0,128.0,129.0,130.0,131.0,132.0
nan,Cameroon,3.848,11.5021,0,0,0,0,0,0,0,0,0,0,0,0,0,0,0,0,0,0,0,0,0,0,0,0,0,0,0,0,0,0,0,0,0,0,0,0,0,0,0,0,0,0,0,0,1,1,2,2,2,2,2,2,2,2,4,10,10,13,20,27,40,56,66,75,75,91,91,139,139,193,233,306,509,555,650,658,658,730,730,820,820,820,820,848,848,996,996,1017,1017,1163,1163,1210.0,1253.0,1302.0,1332.0,1360.0,1391.0,1419.0,1454.0,1481.0,1508.0
Alberta,Canada,53.9333,-116.5765,0,0,0,0,0,0,0,0,0,0,0,0,0,0,0,0,0,0,0,0,0,0,0,0,0,0,0,0,0,0,0,0,0,0,0,0,0,0,0,0,0,0,0,0,1,2,4,7,7,19,19,29,29,39,56,74,97,119,146,195,259,301,359,358,486,542,542,621,661,690,754,969,969,1075,1181,1250,1373,1373,1423,1451,1567,1567,1732,1870,1870,1996,2397,2562,2803,2908,3095,3312.0,3503.0,3693.0,3916.0,4092.0,4278.0,4455.0,4642.0,4841.0,5026.0
British Columbia,Canada,49.2827,-123.1207,0,0,0,0,0,0,1,1,1,1,1,1,1,1,2,2,4,4,4,4,4,4,4,4,4,4,5,5,5,5,6,6,6,6,7,7,7,7,8,8,8,9,12,13,21,21,27,32,32,39,46,64,64,73,103,103,186,231,271,424,424,472,617,617,725,725,884,884,970,1013,1013,1121,1174,1203,1203,1266,1266,1291,1336,1370,1445,1445,1490,1490,1517,1561,1575,1618,1647,1647,1724,1753.0,1782.0,1818.0,1845.0,1875.0,1903.0,1931.0,1959.0,1986.0,2008.0
Grand Princess,Canada,37.6489,-122.6655,0,0,0,0,0,0,0,0,0,0,0,0,0,0,0,0,0,0,0,0,0,0,0,0,0,0,0,0,0,0,0,0,0,0,0,0,0,0,0,0,0,0,0,0,0,0,0,0,0,0,0,2,2,2,2,8,9,9,10,10,13,13,13,13,13,13,13,13,13,13,13,13,13,13,13,13,13,13,13,13,13,13,13,13,13,13,13,13,13,13,13,14.0,15.0,16.0,17.0,18.0,19.0,20.0,21.0,22.0,23.0
Manitoba,Canada,53.7609,-98.8139,0,0,0,0,0,0,0,0,0,0,0,0,0,0,0,0,0,0,0,0,0,0,0,0,0,0,0,0,0,0,0,0,0,0,0,0,0,0,0,0,0,0,0,0,0,0,0,0,0,0,0,4,4,4,7,8,15,17,17,18,20,20,21,35,36,39,64,72,96,103,127,167,182,182,203,203,217,217,221,230,243,242,246,246,246,250,250,253,254,254,255,256.0,257.0,258.0,259.0,260.0,261.0,262.0,263.0,264.0,265.0
New Brunswick,Canada,46.5653,-66.4619,0,0,0,0,0,0,0,0,0,0,0,0,0,0,0,0,0,0,0,0,0,0,0,0,0,0,0,0,0,0,0,0,0,0,0,0,0,0,0,0,0,0,0,0,0,0,0,0,0,1,1,1,1,2,6,8,11,11,11,17,17,17,18,18,33,45,51,66,68,70,81,91,91,91,98,103,105,105,108,112,112,114,116,116,117,117,117,117,118,118,118,119.0,120.0,121.0,122.0,123.0,124.0,125.0,126.0,127.0,128.0
Newfoundland and Labrador,Canada,53.1355,-57.6604,0,0,0,0,0,0,0,0,0,0,0,0,0,0,0,0,0,0,0,0,0,0,0,0,0,0,0,0,0,0,0,0,0,0,0,0,0,0,0,0,0,0,0,0,0,0,0,0,0,0,0,0,0,1,1,3,3,3,4,6,9,24,35,35,82,102,120,135,148,152,175,183,195,195,217,226,228,228,232,239,241,242,244,244,247,252,256,257,257,257,257,258.0,259.0,260.0,261.0,262.0,263.0,264.0,265.0,266.0,267.0
Nova Scotia,Canada,44.682,-63.7443,0,0,0,0,0,0,0,0,0,0,0,0,0,0,0,0,0,0,0,0,0,0,0,0,0,0,0,0,0,0,0,0,0,0,0,0,0,0,0,0,0,0,0,0,0,0,0,0,0,0,0,0,0,0,5,7,12,14,15,21,28,41,51,68,73,90,110,122,127,147,173,193,207,236,262,293,310,310,342,407,428,445,474,517,549,579,606,649,675,721,737,763.0,789.0,809.0,830.0,848.0,865.0,876.0,884.0,889.0,892.0
Ontario,Canada,51.2538,-85.3232,0,0,0,0,1,1,1,1,1,3,3,3,3,3,3,3,3,3,3,3,3,3,3,3,3,3,3,3,3,3,3,3,3,4,4,4,6,6,11,15,18,20,20,22,25,28,29,34,36,41,42,74,79,104,177,185,221,257,308,377,425,503,588,688,858,994,1144,1355,1706,1966,2392,2793,3255,3630,4354,4347,4726,5276,5759,6237,6648,7049,7470,7953,8447,9840,10456,11013,11561,12063,12715,13495.0,14086.0,14542.0,15130.0,15737.0,16349.0,16995.0,17546.0,18071.0,18600.0
Prince Edward Island,Canada,46.5107,-63.4168,0,0,0,0,0,0,0,0,0,0,0,0,0,0,0,0,0,0,0,0,0,0,0,0,0,0,0,0,0,0,0,0,0,0,0,0,0,0,0,0,0,0,0,0,0,0,0,0,0,0,0,0,0,1,1,1,1,2,2,2,3,3,3,5,5,9,11,11,18,21,21,22,22,22,22,22,22,25,25,25,25,25,25,25,26,26,26,26,26,26,26,27.0,28.0,29.0,30.0,31.0,32.0,33.0,34.0,35.0,36.0
Quebec,Canada,52.9399,-73.5491,0,0,0,0,0,0,0,0,0,0,0,0,0,0,0,0,0,0,0,0,0,0,0,0,0,0,0,0,0,0,0,0,0,0,0,0,0,1,1,1,1,1,1,2,2,3,4,4,4,8,9,17,17,24,50,74,94,121,139,181,219,628,1013,1342,1632,2024,2498,2840,3430,4162,4611,5518,6101,6101,7944,8580,9340,10031,10912,11677,12292,12846,13557,14248,14860,15857,16798,17521,17950,19319,20126,20936.0,21750.0,22429.0,23133.0,24103.0,24886.0,25568.0,26283.0,26978.0,27738.0
Saskatchewan,Canada,52.9399,-106.4509,0,0,0,0,0,0,0,0,0,0,0,0,0,0,0,0,0,0,0,0,0,0,0,0,0,0,0,0,0,0,0,0,0,0,0,0,0,0,0,0,0,0,0,0,0,0,0,0,0,0,0,2,2,2,7,7,8,16,20,26,52,66,72,72,95,95,134,156,156,184,193,206,220,220,249,249,260,260,271,285,289,298,300,300,304,305,307,313,315,316,320,321.0,322.0,323.0,324.0,325.0,326.0,327.0,328.0,329.0,330.0
nan,Central African Republic,6.6111,20.9394,0,0,0,0,0,0,0,0,0,0,0,0,0,0,0,0,0,0,0,0,0,0,0,0,0,0,0,0,0,0,0,0,0,0,0,0,0,0,0,0,0,0,0,0,0,0,0,0,0,0,0,0,0,1,1,1,1,1,3,3,3,3,3,3,3,3,3,3,3,3,3,3,8,8,8,8,8,8,8,8,8,8,11,11,12,12,12,12,12,12,14,15.0,16.0,17.0,18.0,19.0,20.0,21.0,22.0,23.0,24.0
nan,Chad,15.4542,18.7322,0,0,0,0,0,0,0,0,0,0,0,0,0,0,0,0,0,0,0,0,0,0,0,0,0,0,0,0,0,0,0,0,0,0,0,0,0,0,0,0,0,0,0,0,0,0,0,0,0,0,0,0,0,0,0,0,0,1,1,1,1,1,3,3,3,3,3,3,5,7,7,8,8,9,9,9,10,10,11,11,11,18,23,23,23,27,27,33,33,33,33,34.0,35.0,36.0,37.0,38.0,39.0,40.0,41.0,42.0,43.0
nan,Chile,-35.6751,-71.543,0,0,0,0,0,0,0,0,0,0,0,0,0,0,0,0,0,0,0,0,0,0,0,0,0,0,0,0,0,0,0,0,0,0,0,0,0,0,0,0,0,1,1,4,4,4,8,8,13,23,23,43,61,74,155,201,238,238,434,537,632,746,922,1142,1306,1610,1909,2139,2449,2738,3031,3404,3737,4161,4471,4815,5116,5546,5972,6501,6927,7213,7525,7917,8273,8807,9252,9730,10088,10507,10832,11203.0,11495.0,11853.0,12135.0,12482.0,12756.0,13083.0,13345.0,13651.0,13903.0
Anhui,China,31.8257,117.2264,1,9,15,39,60,70,106,152,200,237,297,340,408,480,530,591,665,733,779,830,860,889,910,934,950,962,973,982,986,987,988,989,989,989,989,989,989,990,990,990,990,990,990,990,990,990,990,990,990,990,990,990,990,990,990,990,990,990,990,990,990,990,990,990,990,990,990,990,990,990,990,990,990,990,990,990,990,990,991,991,991,991,991,991,991,991,991,991,991,991,991,992.0,993.0,994.0,995.0,996.0,997.0,998.0,999.0,1000.0,1001.0
Beijing,China,40.1824,116.4142,14,22,36,41,68,80,91,111,114,139,168,191,212,228,253,274,297,315,326,337,342,352,366,372,375,380,381,387,393,395,396,399,399,399,400,400,410,410,411,413,414,414,418,418,422,426,428,428,429,435,435,436,437,442,452,456,469,480,491,504,522,537,558,561,566,569,573,577,577,580,580,582,584,585,586,587,587,588,588,588,589,589,589,589,590,593,593,593,593,593,593,594.0,595.0,596.0,597.0,598.0,599.0,600.0,601.0,602.0,603.0
Chongqing,China,30.0572,107.874,6,9,27,57,75,110,132,147,182,211,247,300,337,366,389,411,426,428,468,486,505,518,529,537,544,551,553,555,560,567,572,573,575,576,576,576,576,576,576,576,576,576,576,576,576,576,576,576,576,576,576,576,576,576,576,576,576,576,576,576,577,578,578,578,578,578,578,579,579,579,579,579,579,579,579,579,579,579,579,579,579,579,579,579,579,579,579,579,579,579,579,580.0,581.0,582.0,583.0,584.0,585.0,586.0,587.0,588.0,589.0
Fujian,China,26.0789,117.9874,1,5,10,18,35,59,80,84,101,120,144,159,179,194,205,215,224,239,250,261,267,272,279,281,285,287,290,292,293,293,293,293,293,293,294,294,296,296,296,296,296,296,296,296,296,296,296,296,296,296,296,296,296,296,296,296,296,296,299,303,313,313,318,322,328,331,337,338,340,343,345,345,349,350,350,350,351,351,351,351,351,352,352,353,353,353,354,355,355,355,355,356.0,357.0,358.0,359.0,360.0,361.0,362.0,363.0,364.0,365.0
Gansu,China,37.8099,101.0583,0,2,2,4,7,14,19,24,26,29,40,51,55,57,62,62,67,79,83,83,86,87,90,90,90,90,91,91,91,91,91,91,91,91,91,91,91,91,91,91,91,91,91,102,119,120,124,124,125,127,127,127,129,133,133,133,133,134,134,134,136,136,136,136,136,136,136,138,138,138,138,138,138,138,138,139,139,139,139,139,139,139,139,139,139,139,139,139,139,139,139,140.0,141.0,142.0,143.0,144.0,145.0,146.0,147.0,148.0,149.0
Guangdong,China,23.3417,113.4244,26,32,53,78,111,151,207,277,354,436,535,632,725,813,895,970,1034,1095,1131,1159,1177,1219,1241,1261,1294,1316,1322,1328,1331,1332,1333,1339,1342,1345,1347,1347,1347,1348,1349,1349,1350,1350,1350,1351,1352,1352,1352,1352,1353,1356,1356,1356,1356,1360,1361,1364,1370,1378,1395,1400,1413,1415,1428,1433,1448,1456,1467,1475,1484,1494,1501,1507,1514,1516,1524,1532,1533,1536,1539,1544,1548,1552,1555,1564,1566,1571,1577,1579,1580,1581,1582,1583.0,1584.0,1585.0,1586.0,1587.0,1588.0,1589.0,1590.0,1591.0,1592.0
Guangxi,China,23.8298,108.7881,2,5,23,23,36,46,51,58,78,87,100,111,127,139,150,168,172,183,195,210,215,222,222,226,235,237,238,242,244,245,246,249,249,251,252,252,252,252,252,252,252,252,252,252,252,252,252,252,252,252,252,252,252,252,252,253,253,253,254,254,254,254,254,254,254,254,254,254,254,254,254,254,254,254,254,254,254,254,254,254,254,254,254,254,254,254,254,254,254,254,254,255.0,256.0,257.0,258.0,259.0,260.0,261.0,262.0,263.0,264.0
Guizhou,China,26.8154,106.8748,1,3,3,4,5,7,9,9,12,29,29,38,46,58,64,71,81,89,99,109,127,133,135,140,143,144,146,146,146,146,146,146,146,146,146,146,146,146,146,146,146,146,146,146,146,146,146,146,146,146,146,146,146,146,146,147,146,146,146,146,146,146,146,146,146,146,146,146,146,146,146,146,146,146,146,146,146,146,146,146,146,146,146,146,146,146,146,146,147,147,147,148.0,149.0,150.0,151.0,152.0,153.0,154.0,155.0,156.0,157.0
Hainan,China,19.1959,109.7453,4,5,8,19,22,33,40,43,46,52,62,64,72,80,99,106,117,124,131,138,144,157,157,159,162,162,163,163,168,168,168,168,168,168,168,168,168,168,168,168,168,168,168,168,168,168,168,168,168,168,168,168,168,168,168,168,168,168,168,168,168,168,168,168,168,168,168,168,168,168,168,168,168,168,168,168,168,168,168,168,168,168,168,168,168,168,168,168,168,168,168,169.0,170.0,171.0,172.0,173.0,174.0,175.0,176.0,177.0,178.0
Hebei,China,39.549,116.1306,1,1,2,8,13,18,33,48,65,82,96,104,113,126,135,157,172,195,206,218,239,251,265,283,291,300,301,306,306,307,308,309,311,311,311,312,317,318,318,318,318,318,318,318,318,318,318,318,318,318,318,318,318,318,318,318,318,318,318,318,319,319,319,319,319,319,319,319,321,321,323,325,326,326,327,327,327,327,327,327,327,327,327,327,327,328,328,328,328,328,328,329.0,330.0,331.0,332.0,333.0,334.0,335.0,336.0,337.0,338.0
Heilongjiang,China,47.862,127.7615,0,2,4,9,15,21,33,38,44,59,80,95,121,155,190,227,277,295,307,331,360,378,395,419,425,445,457,464,470,476,479,479,480,480,480,480,480,480,480,480,480,480,480,481,481,481,481,481,481,482,482,482,482,482,482,482,482,483,484,484,484,484,484,484,484,484,484,484,484,484,484,488,489,491,504,524,544,569,609,638,661,684,740,819,841,861,872,892,898,905,913,914.0,915.0,916.0,917.0,918.0,919.0,920.0,921.0,922.0,923.0
Henan,China,33.882,113.614,5,5,9,32,83,128,168,206,278,352,422,493,566,675,764,851,914,981,1033,1073,1105,1135,1169,1184,1212,1231,1246,1257,1262,1265,1267,1270,1271,1271,1271,1271,1272,1272,1272,1272,1272,1272,1272,1272,1272,1272,1272,1272,1272,1273,1273,1273,1273,1273,1273,1273,1273,1273,1273,1273,1274,1274,1274,1274,1275,1275,1275,1276,1276,1276,1276,1276,1276,1276,1276,1276,1276,1276,1276,1276,1276,1276,1276,1276,1276,1276,1276,1276,1276,1276,1276,1277.0,1278.0,1279.0,1280.0,1281.0,1282.0,1283.0,1284.0,1285.0,1286.0
Hong Kong,China,22.3,114.2,0,2,2,5,8,8,8,10,10,12,13,15,15,17,21,24,25,26,29,38,49,50,53,56,56,57,60,62,63,68,68,69,74,79,84,91,92,94,95,96,100,100,105,105,107,108,114,115,120,126,129,134,140,145,155,162,181,208,256,273,317,356,386,410,453,519,561,641,682,714,765,802,845,862,890,914,935,960,973,989,1000,1004,1009,1012,1017,1017,1021,1024,1025,1025,1029,1030.0,1031.0,1032.0,1033.0,1034.0,1035.0,1036.0,1037.0,1038.0,1039.0
Hubei,China,30.9756,112.2707,444,444,549,761,1058,1423,3554,3554,4903,5806,7153,11177,13522,16678,19665,22112,24953,27100,29631,31728,33366,33366,48206,54406,56249,58182,59989,61682,62031,62442,62662,64084,64084,64287,64786,65187,65596,65914,66337,66907,67103,67217,67332,67466,67592,67666,67707,67743,67760,67773,67781,67786,67790,67794,67798,67799,67800,67800,67800,67800,67800,67800,67801,67801,67801,67801,67801,67801,67801,67801,67802,67802,67802,67803,67803,67803,67803,67803,67803,67803,67803,67803,67803,67803,67803,67803,68128,68128,68128,68128,68128,70658.0,71472.0,73020.0,74276.0,75028.0,76859.0,77911.0,78994.0,79890.0,80434.0
Hunan,China,27.6104,111.7088,4,9,24,43,69,100,143,221,277,332,389,463,521,593,661,711,772,803,838,879,912,946,968,988,1001,1004,1006,1007,1008,1010,1011,1013,1016,1016,1016,1016,1017,1017,1018,1018,1018,1018,1018,1018,1018,1018,1018,1018,1018,1018,1018,1018,1018,1018,1018,1018,1018,1018,1018,1018,1018,1018,1018,1018,1018,1018,1018,1018,1018,1018,1018,1019,1019,1019,1019,1019,1019,1019,1019,1019,1019,1019,1019,1019,1019,1019,1019,1019,1019,1019,1019,1020.0,1021.0,1022.0,1023.0,1024.0,1025.0,1026.0,1027.0,1028.0,1029.0
Inner Mongolia,China,44.0935,113.9448,0,0,1,7,7,11,15,16,19,20,23,27,34,35,42,46,50,52,54,58,58,60,61,65,68,70,72,73,75,75,75,75,75,75,75,75,75,75,75,75,75,75,75,75,75,75,75,75,75,75,75,75,75,75,75,75,75,75,75,75,75,75,75,77,89,92,94,95,97,107,111,117,117,117,117,118,121,124,126,128,155,189,190,190,190,193,193,193,193,194,194,195.0,196.0,197.0,198.0,199.0,200.0,201.0,202.0,203.0,204.0
Jiangsu,China,32.9711,119.455,1,5,9,18,33,47,70,99,129,168,202,236,271,308,341,373,408,439,468,492,515,543,570,593,604,617,626,629,631,631,631,631,631,631,631,631,631,631,631,631,631,631,631,631,631,631,631,631,631,631,631,631,631,631,631,631,631,631,631,631,633,633,636,638,640,641,641,644,645,646,646,647,651,651,651,651,651,651,651,651,652,653,653,653,653,653,653,653,653,653,653,654.0,655.0,656.0,657.0,658.0,659.0,660.0,661.0,662.0,663.0
Jiangxi,China,27.614,115.7221,2,7,18,18,36,72,109,109,162,240,286,333,391,476,548,600,661,698,740,771,804,844,872,900,913,925,930,933,934,934,934,934,934,934,934,934,934,935,935,935,935,935,935,935,935,935,935,935,935,935,935,935,935,935,935,935,935,935,935,935,936,936,936,936,936,936,936,937,937,937,937,937,937,937,937,937,937,937,937,937,937,937,937,937,937,937,937,937,937,937,937,938.0,939.0,940.0,941.0,942.0,943.0,944.0,945.0,946.0,947.0
Jilin,China,43.6661,126.1923,0,1,3,4,4,6,8,9,14,14,17,23,31,42,54,59,65,69,78,80,81,83,84,86,88,89,89,89,90,91,91,91,91,93,93,93,93,93,93,93,93,93,93,93,93,93,93,93,93,93,93,93,93,93,93,93,93,93,93,93,93,93,93,94,95,95,97,98,98,98,98,98,98,98,98,98,98,98,98,98,98,99,100,100,102,102,102,102,104,104,106,107.0,108.0,109.0,110.0,111.0,112.0,113.0,114.0,115.0,116.0
Liaoning,China,41.2956,122.6085,2,3,4,17,21,27,34,39,41,48,64,70,74,81,89,94,99,105,107,108,111,116,117,119,119,121,121,121,121,121,121,121,121,121,121,121,121,121,121,122,122,125,125,125,125,125,125,125,125,125,125,125,125,125,125,125,125,125,126,126,127,127,127,127,128,128,132,134,136,139,140,141,141,141,142,142,144,144,144,144,145,145,145,145,145,145,146,146,146,146,146,147.0,148.0,149.0,150.0,151.0,152.0,153.0,154.0,155.0,156.0
Macau,China,22.1667,113.55,1,2,2,2,5,6,7,7,7,7,7,8,8,10,10,10,10,10,10,10,10,10,10,10,10,10,10,10,10,10,10,10,10,10,10,10,10,10,10,10,10,10,10,10,10,10,10,10,10,10,10,10,10,10,11,12,15,17,17,18,24,24,25,30,31,33,37,37,38,41,41,41,43,43,44,44,44,45,45,45,45,45,45,45,45,45,45,45,45,45,45,46.0,47.0,48.0,49.0,50.0,51.0,52.0,53.0,54.0,55.0
Ningxia,China,37.2692,106.1655,1,1,2,3,4,7,11,12,17,21,26,28,31,34,34,40,43,45,45,49,53,58,64,67,70,70,70,70,71,71,71,71,71,71,71,71,72,72,73,73,74,74,75,75,75,75,75,75,75,75,75,75,75,75,75,75,75,75,75,75,75,75,75,75,75,75,75,75,75,75,75,75,75,75,75,75,75,75,75,75,75,75,75,75,75,75,75,75,75,75,75,76.0,77.0,78.0,79.0,80.0,81.0,82.0,83.0,84.0,85.0
Qinghai,China,35.7452,95.9956,0,0,0,1,1,6,6,6,8,8,9,11,13,15,17,18,18,18,18,18,18,18,18,18,18,18,18,18,18,18,18,18,18,18,18,18,18,18,18,18,18,18,18,18,18,18,18,18,18,18,18,18,18,18,18,18,18,18,18,18,18,18,18,18,18,18,18,18,18,18,18,18,18,18,18,18,18,18,18,18,18,18,18,18,18,18,18,18,18,18,18,19.0,20.0,21.0,22.0,23.0,24.0,25.0,26.0,27.0,28.0
Shaanxi,China,35.1917,108.8701,0,3,5,15,22,35,46,56,63,87,101,116,128,142,165,173,184,195,208,213,219,225,229,230,232,236,240,240,242,245,245,245,245,245,245,245,245,245,245,245,245,245,245,245,245,245,245,245,245,245,245,245,245,245,245,246,246,246,247,248,248,248,249,250,253,253,253,253,253,253,255,255,255,256,256,256,256,256,256,256,256,256,256,256,256,256,256,256,256,256,277,278.0,279.0,280.0,281.0,282.0,283.0,284.0,285.0,286.0,287.0
Shandong,China,36.3427,118.1498,2,6,15,27,46,75,95,130,158,184,206,230,259,275,307,347,386,416,444,466,487,497,509,523,532,537,541,543,544,546,749,750,754,755,756,756,756,756,756,758,758,758,758,758,758,758,758,758,758,760,760,760,760,760,760,761,761,761,762,764,767,768,768,769,771,772,772,772,773,774,774,775,778,778,779,780,781,783,783,783,784,784,784,784,784,784,787,787,787,787,787,788.0,789.0,790.0,791.0,792.0,793.0,794.0,795.0,796.0,797.0
Shanghai,China,31.202,121.4491,9,16,20,33,40,53,66,96,112,135,169,182,203,219,243,257,277,286,293,299,303,311,315,318,326,328,333,333,333,334,334,335,335,335,336,337,337,337,337,337,337,338,338,339,342,342,342,342,344,344,344,346,353,353,355,358,361,363,371,380,404,404,414,433,451,468,485,492,498,509,516,522,526,529,531,536,538,543,552,555,555,607,618,618,622,628,628,628,635,638,638,639.0,640.0,641.0,642.0,643.0,644.0,645.0,646.0,647.0,648.0
Shanxi,China,37.5777,112.2922,1,1,1,6,9,13,27,27,35,39,47,66,74,81,81,96,104,115,119,119,124,126,126,127,128,129,130,131,131,132,132,132,132,133,133,133,133,133,133,133,133,133,133,133,133,133,133,133,133,133,133,133,133,133,133,133,133,133,133,133,133,134,134,134,135,135,135,136,136,136,137,137,137,137,138,138,138,163,166,168,172,172,173,173,186,194,197,197,197,197,197,198.0,199.0,200.0,201.0,202.0,203.0,204.0,205.0,206.0,207.0
Sichuan,China,30.6171,102.7103,5,8,15,28,44,69,90,108,142,177,207,231,254,282,301,321,344,364,386,405,417,436,451,463,470,481,495,508,514,520,525,526,526,527,529,531,534,538,538,538,538,538,538,539,539,539,539,539,539,539,539,539,539,539,539,540,540,540,541,542,543,543,545,547,547,548,548,550,550,550,552,554,555,557,558,559,560,560,560,560,560,560,560,560,560,560,560,561,561,561,561,562.0,563.0,564.0,565.0,566.0,567.0,568.0,569.0,570.0,571.0
Tianjin,China,39.3054,117.323,4,4,8,10,14,23,24,27,31,32,41,48,60,67,69,79,81,88,91,95,106,112,119,120,122,124,125,128,130,131,132,135,135,135,135,135,136,136,136,136,136,136,136,136,136,136,136,136,136,136,136,136,136,136,136,136,136,137,137,137,137,141,145,145,151,155,161,166,174,174,176,176,180,180,180,180,180,180,182,183,183,183,184,185,185,186,189,189,189,189,189,190.0,191.0,192.0,193.0,194.0,195.0,196.0,197.0,198.0,199.0
Tibet,China,31.6927,88.0924,0,0,0,0,0,0,0,0,1,1,1,1,1,1,1,1,1,1,1,1,1,1,1,1,1,1,1,1,1,1,1,1,1,1,1,1,1,1,1,1,1,1,1,1,1,1,1,1,1,1,1,1,1,1,1,1,1,1,1,1,1,1,1,1,1,1,1,1,1,1,1,1,1,1,1,1,1,1,1,1,1,1,1,1,1,1,1,1,1,1,1,0,0,0,0,0,0,0,0,0,0
Xinjiang,China,41.1129,85.2401,0,2,2,3,4,5,10,13,14,17,18,21,24,29,32,36,39,42,45,49,55,59,63,65,70,71,75,76,76,76,76,76,76,76,76,76,76,76,76,76,76,76,76,76,76,76,76,76,76,76,76,76,76,76,76,76,76,76,76,76,76,76,76,76,76,76,76,76,76,76,76,76,76,76,76,76,76,76,76,76,76,76,76,76,76,76,76,76,76,76,76,77.0,78.0,79.0,80.0,81.0,82.0,83.0,84.0,85.0,86.0
Yunnan,China,24.974,101.487,1,2,5,11,16,26,44,55,70,83,93,105,117,122,128,133,138,138,141,149,153,154,156,162,168,171,171,172,172,174,174,174,174,174,174,174,174,174,174,174,174,174,174,174,174,174,174,174,174,174,174,174,174,174,176,176,176,176,176,176,176,176,176,176,178,180,180,180,180,182,182,183,184,184,184,184,184,184,184,184,184,184,184,184,184,184,184,184,184,184,184,185.0,186.0,187.0,188.0,189.0,190.0,191.0,192.0,193.0,194.0
Zhejiang,China,29.1832,120.0934,10,27,43,62,104,128,173,296,428,538,599,661,724,829,895,954,1006,1048,1075,1092,1117,1131,1145,1155,1162,1167,1171,1172,1174,1175,1203,1205,1205,1205,1205,1205,1205,1205,1205,1205,1206,1213,1213,1215,1215,1215,1215,1215,1215,1215,1215,1215,1227,1231,1231,1232,1232,1233,1234,1236,1238,1238,1240,1241,1243,1247,1251,1254,1255,1257,1257,1258,1260,1262,1263,1264,1265,1266,1267,1267,1267,1267,1267,1267,1268,1268,1268,1268,1268,1268,1268,1269.0,1270.0,1271.0,1272.0,1273.0,1274.0,1275.0,1276.0,1277.0,1278.0
nan,Colombia,4.5709,-74.2973,0,0,0,0,0,0,0,0,0,0,0,0,0,0,0,0,0,0,0,0,0,0,0,0,0,0,0,0,0,0,0,0,0,0,0,0,0,0,0,0,0,0,0,0,1,1,1,1,3,9,9,13,22,34,54,65,93,102,128,196,231,277,378,470,491,539,608,702,798,906,1065,1161,1267,1406,1485,1579,1780,2054,2223,2473,2709,2776,2852,2979,3105,3233,3439,3439,3792,3977,4149,4276.0,4388.0,4470.0,4568.0,4651.0,4759.0,4853.0,4954.0,5037.0,5119.0
nan,Congo (Brazzaville),-4.0383,21.7587,0,0,0,0,0,0,0,0,0,0,0,0,0,0,0,0,0,0,0,0,0,0,0,0,0,0,0,0,0,0,0,0,0,0,0,0,0,0,0,0,0,0,0,0,0,0,0,0,0,0,0,0,0,1,1,1,1,3,3,3,3,4,4,4,4,4,4,19,19,19,19,22,22,22,45,45,45,45,60,60,60,60,60,60,117,117,143,143,143,160,165,170.0,174.0,177.0,179.0,180.0,181.0,182.0,183.0,184.0,185.0
nan,Congo (Kinshasa),-4.0383,21.7587,0,0,0,0,0,0,0,0,0,0,0,0,0,0,0,0,0,0,0,0,0,0,0,0,0,0,0,0,0,0,0,0,0,0,0,0,0,0,0,0,0,0,0,0,0,0,0,0,0,1,1,2,2,2,2,3,4,14,18,23,30,36,45,48,51,51,65,65,81,98,109,134,134,154,154,161,180,180,180,215,223,234,235,241,254,267,287,307,327,332,350,363.0,376.0,389.0,402.0,415.0,427.0,440.0,451.0,462.0,472.0
nan,Costa Rica,9.7489,-83.7534,0,0,0,0,0,0,0,0,0,0,0,0,0,0,0,0,0,0,0,0,0,0,0,0,0,0,0,0,0,0,0,0,0,0,0,0,0,0,0,0,0,0,0,0,1,1,5,9,9,13,22,23,26,27,35,41,50,69,89,117,134,158,177,201,231,263,295,314,330,347,375,396,416,435,454,467,483,502,539,558,577,595,612,618,626,642,649,655,660,662,669,671.0,673.0,674.0,675.0,676.0,677.0,678.0,679.0,680.0,681.0
nan,Cote d'Ivoire,7.54,-5.5471,0,0,0,0,0,0,0,0,0,0,0,0,0,0,0,0,0,0,0,0,0,0,0,0,0,0,0,0,0,0,0,0,0,0,0,0,0,0,0,0,0,0,0,0,0,0,0,0,0,1,1,1,1,1,1,5,6,9,9,14,14,25,73,80,96,101,101,165,168,179,190,194,218,245,261,323,349,384,444,444,533,574,626,638,638,654,688,801,847,847,916,0,0,0,0,0,0,0,0,0,0
nan,Croatia,45.1,15.2,0,0,0,0,0,0,0,0,0,0,0,0,0,0,0,0,0,0,0,0,0,0,0,0,0,0,0,0,0,0,0,0,0,0,1,3,3,5,6,7,7,9,10,10,11,12,12,12,14,19,19,32,38,49,57,65,81,105,128,206,254,315,382,442,495,586,657,713,790,867,963,1011,1079,1126,1182,1222,1282,1343,1407,1495,1534,1600,1650,1704,1741,1791,1814,1832,1871,1881,1908,1934.0,1953.0,1978.0,1997.0,2015.0,2034.0,2051.0,2070.0,2085.0,2099.0
nan,Diamond Princess,0.0,0.0,0,0,0,0,0,0,0,0,0,0,0,0,0,0,0,0,61,61,64,135,135,175,175,218,285,355,454,542,621,634,634,634,691,691,691,705,705,705,705,705,705,706,706,706,706,706,706,706,706,706,706,706,706,706,706,706,712,712,712,712,712,712,712,712,712,712,712,712,712,712,712,712,712,712,712,712,712,712,712,712,712,712,712,712,712,712,712,712,712,712,712,0,0,0,0,0,0,0,0,0,0
nan,Cuba,22.0,-80.0,0,0,0,0,0,0,0,0,0,0,0,0,0,0,0,0,0,0,0,0,0,0,0,0,0,0,0,0,0,0,0,0,0,0,0,0,0,0,0,0,0,0,0,0,0,0,0,0,0,0,3,4,4,4,4,5,7,11,16,21,35,40,48,57,67,80,119,139,170,186,212,233,269,288,320,350,396,457,515,564,620,669,726,766,814,862,923,986,1035,1087,1137,1172.0,1205.0,1230.0,1256.0,1279.0,1302.0,1320.0,1336.0,1350.0,1362.0
nan,Cyprus,35.1264,33.4299,0,0,0,0,0,0,0,0,0,0,0,0,0,0,0,0,0,0,0,0,0,0,0,0,0,0,0,0,0,0,0,0,0,0,0,0,0,0,0,0,0,0,0,0,0,0,0,2,3,6,6,14,26,26,33,46,49,67,67,84,95,116,124,132,146,162,179,214,230,262,320,356,396,426,446,465,494,526,564,595,616,633,662,695,715,735,750,761,767,772,784,791.0,797.0,801.0,803.0,805.0,806.0,807.0,808.0,809.0,810.0
nan,Czechia,49.8175,15.473,0,0,0,0,0,0,0,0,0,0,0,0,0,0,0,0,0,0,0,0,0,0,0,0,0,0,0,0,0,0,0,0,0,0,0,0,0,0,0,3,3,5,8,12,18,19,31,31,41,91,94,141,189,253,298,396,464,694,833,995,1120,1236,1394,1654,1925,2279,2631,2817,3001,3308,3508,3858,4091,4472,4587,4822,5017,5312,5569,5732,5831,5991,6059,6111,6216,6433,6549,6606,6746,6900,7033,7130.0,7228.0,7332.0,7431.0,7522.0,7607.0,7685.0,7754.0,7817.0,7875.0
Faroe Islands,Denmark,61.8926,-6.9118,0,0,0,0,0,0,0,0,0,0,0,0,0,0,0,0,0,0,0,0,0,0,0,0,0,0,0,0,0,0,0,0,0,0,0,0,0,0,0,0,0,0,1,1,1,1,2,2,2,2,2,3,9,11,18,47,58,72,80,92,115,118,122,132,140,144,155,159,168,169,173,177,179,181,181,183,184,184,184,184,184,184,184,184,184,184,184,184,185,185,185,186.0,187.0,188.0,189.0,190.0,191.0,192.0,193.0,194.0,195.0
Greenland,Denmark,71.7069,-42.6043,0,0,0,0,0,0,0,0,0,0,0,0,0,0,0,0,0,0,0,0,0,0,0,0,0,0,0,0,0,0,0,0,0,0,0,0,0,0,0,0,0,0,0,0,0,0,0,0,0,0,0,0,0,0,1,1,1,2,2,2,4,4,5,6,6,10,10,10,10,10,10,10,10,11,11,11,11,11,11,11,11,11,11,11,11,11,11,11,11,11,11,12.0,13.0,14.0,15.0,16.0,17.0,18.0,19.0,20.0,21.0
nan,Denmark,56.2639,9.5018,0,0,0,0,0,0,0,0,0,0,0,0,0,0,0,0,0,0,0,0,0,0,0,0,0,0,0,0,0,0,0,0,0,0,0,0,1,1,3,4,4,6,10,10,23,23,35,90,262,442,615,801,827,864,914,977,1057,1151,1255,1326,1395,1450,1591,1724,1877,2046,2201,2395,2577,2860,3107,3386,3757,4077,4369,4681,5071,5402,5635,5819,5996,6174,6318,6511,6681,6879,7073,7242,7384,7515,7695,7810.0,7918.0,8015.0,8109.0,8193.0,8276.0,8346.0,8413.0,8477.0,8532.0
nan,Djibouti,11.8251,42.5903,0,0,0,0,0,0,0,0,0,0,0,0,0,0,0,0,0,0,0,0,0,0,0,0,0,0,0,0,0,0,0,0,0,0,0,0,0,0,0,0,0,0,0,0,0,0,0,0,0,0,0,0,0,0,0,0,1,1,1,1,1,3,3,11,11,12,14,18,18,30,33,40,49,50,59,90,90,135,135,150,187,214,298,363,435,591,732,732,846,846,945,1000.0,1088.0,1175.0,1260.0,1335.0,1413.0,1489.0,1568.0,1652.0,1735.0
nan,Dominican Republic,18.7357,-70.1627,0,0,0,0,0,0,0,0,0,0,0,0,0,0,0,0,0,0,0,0,0,0,0,0,0,0,0,0,0,0,0,0,0,0,0,0,0,0,0,1,1,1,1,1,2,2,5,5,5,5,5,5,11,11,11,21,21,34,72,112,202,245,312,392,488,581,719,859,901,1109,1284,1380,1488,1488,1745,1828,1956,2111,2349,2620,2759,2967,3167,3286,3614,3755,4126,4335,4680,4964,5044,5172.0,5304.0,5399.0,5476.0,5553.0,5628.0,5681.0,5739.0,5788.0,5821.0
nan,Ecuador,-1.8312,-78.1834,0,0,0,0,0,0,0,0,0,0,0,0,0,0,0,0,0,0,0,0,0,0,0,0,0,0,0,0,0,0,0,0,0,0,0,0,0,0,0,6,6,7,10,13,13,13,14,15,15,17,17,17,28,28,37,58,111,199,367,506,789,981,1082,1173,1403,1595,1823,1924,1962,2240,2748,3163,3368,3465,3646,3747,3747,4450,4965,7161,7257,7466,7529,7603,7858,8225,8450,9022,9468,10128,10398,10752.0,10956.0,11184.0,11389.0,11647.0,11909.0,12188.0,12427.0,12673.0,12851.0
nan,Egypt,26.0,30.0,0,0,0,0,0,0,0,0,0,0,0,0,0,0,0,0,0,0,0,0,0,0,0,1,1,1,1,1,1,1,1,1,1,1,1,1,1,1,1,2,2,2,2,3,15,15,49,55,59,60,67,80,109,110,150,196,196,256,285,294,327,366,402,456,495,536,576,609,656,710,779,865,985,1070,1173,1322,1450,1560,1699,1794,1939,2065,2190,2350,2505,2673,2844,3032,3144,3333,3490,3644.0,3778.0,3932.0,4058.0,4183.0,4284.0,4398.0,4500.0,4588.0,4675.0
nan,El Salvador,13.7942,-88.8965,0,0,0,0,0,0,0,0,0,0,0,0,0,0,0,0,0,0,0,0,0,0,0,0,0,0,0,0,0,0,0,0,0,0,0,0,0,0,0,0,0,0,0,0,0,0,0,0,0,0,0,0,0,0,0,0,0,1,1,3,3,3,5,9,13,13,19,24,30,32,32,41,46,56,62,69,78,93,103,117,118,125,137,149,159,164,177,190,201,218,225,229.0,231.0,233.0,234.0,235.0,236.0,237.0,238.0,239.0,240.0
nan,Equatorial Guinea,1.5,10.0,0,0,0,0,0,0,0,0,0,0,0,0,0,0,0,0,0,0,0,0,0,0,0,0,0,0,0,0,0,0,0,0,0,0,0,0,0,0,0,0,0,0,0,0,0,0,0,0,0,0,0,0,0,1,1,1,4,6,6,6,6,9,9,9,12,12,12,12,12,12,15,15,16,16,16,16,16,18,18,18,18,21,21,41,51,51,79,79,79,79,83,85.0,86.0,87.0,88.0,89.0,90.0,91.0,92.0,93.0,94.0
nan,Eritrea,15.1794,39.7823,0,0,0,0,0,0,0,0,0,0,0,0,0,0,0,0,0,0,0,0,0,0,0,0,0,0,0,0,0,0,0,0,0,0,0,0,0,0,0,0,0,0,0,0,0,0,0,0,0,0,0,0,0,0,0,0,0,0,0,1,1,1,1,4,6,6,6,12,12,15,15,22,22,29,29,31,31,33,33,34,34,34,34,34,35,35,35,39,39,39,39,40.0,41.0,42.0,43.0,44.0,45.0,46.0,47.0,48.0,49.0
nan,Estonia,58.5953,25.0136,0,0,0,0,0,0,0,0,0,0,0,0,0,0,0,0,0,0,0,0,0,0,0,0,0,0,0,0,0,0,0,0,0,0,0,0,1,1,1,1,1,2,2,3,10,10,10,10,12,16,16,79,115,171,205,225,258,267,283,306,326,352,369,404,538,575,645,679,715,745,779,858,961,1039,1097,1108,1149,1185,1207,1258,1304,1309,1332,1373,1400,1434,1459,1512,1528,1535,1552,1567.0,1583.0,1600.0,1617.0,1631.0,1644.0,1653.0,1664.0,1673.0,1682.0
nan,Eswatini,-26.5225,31.4659,0,0,0,0,0,0,0,0,0,0,0,0,0,0,0,0,0,0,0,0,0,0,0,0,0,0,0,0,0,0,0,0,0,0,0,0,0,0,0,0,0,0,0,0,0,0,0,0,0,0,0,0,1,1,1,1,1,1,1,1,4,4,4,4,6,9,9,9,9,9,9,9,9,9,9,10,10,12,12,12,12,14,15,15,15,16,16,22,22,24,31,32.0,33.0,34.0,35.0,36.0,37.0,38.0,39.0,40.0,41.0
nan,Ethiopia,9.145,40.4897,0,0,0,0,0,0,0,0,0,0,0,0,0,0,0,0,0,0,0,0,0,0,0,0,0,0,0,0,0,0,0,0,0,0,0,0,0,0,0,0,0,0,0,0,0,0,0,0,0,0,0,1,1,1,5,5,6,6,9,9,11,11,12,12,12,16,16,21,23,26,29,29,35,38,43,44,52,55,56,65,69,71,74,82,85,92,96,105,108,111,114,116.0,118.0,120.0,122.0,123.0,124.0,125.0,126.0,127.0,128.0
nan,Fiji,-17.7134,178.065,0,0,0,0,0,0,0,0,0,0,0,0,0,0,0,0,0,0,0,0,0,0,0,0,0,0,0,0,0,0,0,0,0,0,0,0,0,0,0,0,0,0,0,0,0,0,0,0,0,0,0,0,0,0,0,0,0,1,1,1,2,3,4,5,5,5,5,5,5,5,5,7,7,12,12,14,15,15,15,16,16,16,16,16,16,17,17,17,17,18,18,19.0,20.0,21.0,22.0,23.0,24.0,25.0,26.0,27.0,28.0
nan,Finland,64.0,26.0,0,0,0,0,0,0,0,1,1,1,1,1,1,1,1,1,1,1,1,1,1,1,1,1,1,1,1,1,1,1,1,1,1,1,1,2,2,2,3,6,6,6,6,12,15,15,23,30,40,59,59,155,225,244,277,321,336,400,450,523,626,700,792,880,958,1041,1167,1240,1352,1418,1446,1518,1615,1882,1927,2176,2308,2487,2605,2769,2905,2974,3064,3161,3237,3369,3489,3681,3783,3868,4014,4177.0,4272.0,4397.0,4497.0,4573.0,4635.0,4704.0,4753.0,4801.0,4868.0
French Guiana,France,3.9339,-53.1258,0,0,0,0,0,0,0,0,0,0,0,0,0,0,0,0,0,0,0,0,0,0,0,0,0,0,0,0,0,0,0,0,0,0,0,0,0,0,0,0,0,0,0,0,0,5,5,5,5,5,5,5,5,7,11,11,11,11,15,18,18,20,23,28,28,28,28,28,43,43,51,51,57,61,61,72,72,77,83,83,83,86,86,86,86,86,96,96,96,97,97,98.0,99.0,100.0,101.0,102.0,103.0,104.0,105.0,106.0,107.0
French Polynesia,France,-17.6797,149.4068,0,0,0,0,0,0,0,0,0,0,0,0,0,0,0,0,0,0,0,0,0,0,0,0,0,0,0,0,0,0,0,0,0,0,0,0,0,0,0,0,0,0,0,0,0,0,0,0,0,0,0,3,3,3,3,3,3,6,11,15,18,18,25,25,30,30,30,30,36,36,37,37,39,40,41,42,47,51,51,51,51,53,55,55,55,55,55,55,55,56,56,57.0,58.0,59.0,60.0,61.0,62.0,63.0,64.0,65.0,66.0
Guadeloupe,France,16.25,-61.5833,0,0,0,0,0,0,0,0,0,0,0,0,0,0,0,0,0,0,0,0,0,0,0,0,0,0,0,0,0,0,0,0,0,0,0,0,0,0,0,0,0,0,0,0,0,0,0,0,0,0,0,1,1,3,6,18,27,33,45,53,58,62,62,73,73,73,102,106,106,114,125,128,130,134,135,135,139,141,141,143,143,143,143,145,145,145,145,148,148,148,148,149.0,150.0,151.0,152.0,153.0,154.0,155.0,156.0,157.0,158.0
Mayotte,France,-12.8275,45.1662,0,0,0,0,0,0,0,0,0,0,0,0,0,0,0,0,0,0,0,0,0,0,0,0,0,0,0,0,0,0,0,0,0,0,0,0,0,0,0,0,0,0,0,0,0,0,0,0,0,0,0,0,0,1,1,1,3,3,6,7,11,24,36,36,36,50,63,63,82,94,94,116,128,134,147,147,171,171,184,191,196,196,207,217,217,233,245,254,271,271,311,319.0,327.0,335.0,340.0,345.0,347.0,348.0,349.0,350.0,351.0
New Caledonia,France,-20.9043,165.618,0,0,0,0,0,0,0,0,0,0,0,0,0,0,0,0,0,0,0,0,0,0,0,0,0,0,0,0,0,0,0,0,0,0,0,0,0,0,0,0,0,0,0,0,0,0,0,0,0,0,0,0,0,0,0,0,0,2,2,4,4,8,10,14,14,15,15,15,15,16,16,18,18,17,18,18,18,18,18,18,18,18,18,18,18,18,18,18,18,18,18,19.0,20.0,21.0,22.0,23.0,24.0,25.0,26.0,27.0,28.0
Reunion,France,-21.1351,55.2471,0,0,0,0,0,0,0,0,0,0,0,0,0,0,0,0,0,0,0,0,0,0,0,0,0,0,0,0,0,0,0,0,0,0,0,0,0,0,0,0,0,0,0,0,0,0,0,0,0,1,1,5,6,7,9,9,12,14,28,45,64,71,94,111,135,145,183,183,224,247,281,308,321,334,344,349,358,358,362,382,388,389,391,391,391,394,402,407,408,408,410,411.0,412.0,413.0,414.0,415.0,416.0,417.0,418.0,419.0,420.0
Saint Barthelemy,France,17.9,-62.8333,0,0,0,0,0,0,0,0,0,0,0,0,0,0,0,0,0,0,0,0,0,0,0,0,0,0,0,0,0,0,0,0,0,0,0,0,0,0,0,0,0,0,3,3,3,3,3,1,1,1,1,1,1,1,3,3,3,3,3,3,3,3,3,3,3,5,5,5,6,6,6,6,6,6,6,6,6,6,6,6,6,6,6,6,6,6,6,6,6,6,6,7.0,8.0,9.0,10.0,11.0,12.0,13.0,14.0,15.0,16.0
St Martin,France,18.0708,-63.0501,0,0,0,0,0,0,0,0,0,0,0,0,0,0,0,0,0,0,0,0,0,0,0,0,0,0,0,0,0,0,0,0,0,0,0,0,0,0,0,0,0,0,0,0,0,0,0,2,2,2,2,2,2,2,2,2,3,4,4,4,5,8,8,11,11,11,11,11,15,15,15,22,22,24,32,32,32,32,32,32,32,32,32,32,35,35,35,37,37,37,37,38.0,39.0,40.0,41.0,42.0,43.0,44.0,45.0,46.0,47.0
Martinique,France,14.6415,-61.0242,0,0,0,0,0,0,0,0,0,0,0,0,0,0,0,0,0,0,0,0,0,0,0,0,0,0,0,0,0,0,0,0,0,0,0,0,0,0,0,0,0,0,0,0,0,2,2,2,2,3,3,3,9,9,15,16,19,23,32,32,44,53,57,66,66,81,93,93,93,128,135,138,143,145,149,151,152,154,154,155,155,155,157,157,158,158,158,158,163,163,163,164.0,165.0,166.0,167.0,168.0,169.0,170.0,171.0,172.0,173.0
nan,France,46.2276,2.2137,0,0,2,3,3,3,4,5,5,5,6,6,6,6,6,6,6,11,11,11,11,11,11,11,12,12,12,12,12,12,12,12,12,12,14,18,38,57,100,130,191,204,285,377,653,949,1126,1209,1784,2281,2281,3661,4469,4499,6633,7652,9043,10871,12612,14282,16018,19856,22304,25233,29155,32964,37575,40174,44550,52128,56989,59105,64338,68605,70478,74390,78167,82048,86334,90676,93790,120633,124298,130253,133470,145960,147969,147969,152894,155275,158050,159737.0,162826.0,165537.0,172248.0,173305.0,180037.0,181529.0,184343.0,186350.0,189789.0
nan,Gabon,-0.8037,11.6094,0,0,0,0,0,0,0,0,0,0,0,0,0,0,0,0,0,0,0,0,0,0,0,0,0,0,0,0,0,0,0,0,0,0,0,0,0,0,0,0,0,0,0,0,0,0,0,0,0,0,0,0,1,1,1,1,1,1,3,4,5,5,6,6,7,7,7,7,7,16,18,21,21,21,21,24,30,34,44,44,46,49,57,57,80,80,108,108,109,120,156,171.0,187.0,210.0,225.0,243.0,258.0,277.0,295.0,312.0,327.0
nan,Gambia,13.4432,-15.3101,0,0,0,0,0,0,0,0,0,0,0,0,0,0,0,0,0,0,0,0,0,0,0,0,0,0,0,0,0,0,0,0,0,0,0,0,0,0,0,0,0,0,0,0,0,0,0,0,0,0,0,0,0,0,0,1,1,1,1,1,1,2,3,3,3,3,3,4,4,4,4,4,4,4,4,4,4,4,4,4,9,9,9,9,9,9,9,9,10,10,10,11.0,12.0,13.0,14.0,15.0,16.0,17.0,18.0,19.0,20.0
nan,Georgia,42.3154,43.3569,0,0,0,0,0,0,0,0,0,0,0,0,0,0,0,0,0,0,0,0,0,0,0,0,0,0,0,0,0,0,0,0,0,0,0,1,1,1,1,3,3,3,3,4,4,4,13,15,15,24,24,25,30,33,33,34,38,40,43,49,54,61,70,75,79,83,90,91,103,110,117,134,155,162,174,188,196,211,218,234,242,257,272,300,306,348,370,388,394,402,408,417.0,427.0,436.0,444.0,450.0,454.0,457.0,459.0,461.0,463.0
nan,Germany,51.0,9.0,0,0,0,0,0,1,4,4,4,5,8,10,12,12,12,12,13,13,14,14,16,16,16,16,16,16,16,16,16,16,16,16,16,16,17,27,46,48,79,130,159,196,262,482,670,799,1040,1176,1457,1908,2078,3675,4585,5795,7272,9257,12327,15320,19848,22213,24873,29056,32986,37323,43938,50871,57695,62095,66885,71808,77872,84794,91159,96092,100123,103374,107663,113296,118181,122171,124908,127854,130072,131359,134753,137698,141397,143342,145184,147065,148291,149955.0,151609.0,153522.0,155264.0,156395.0,157370.0,158049.0,158831.0,159639.0,160667.0
nan,Ghana,7.9465,-1.0232,0,0,0,0,0,0,0,0,0,0,0,0,0,0,0,0,0,0,0,0,0,0,0,0,0,0,0,0,0,0,0,0,0,0,0,0,0,0,0,0,0,0,0,0,0,0,0,0,0,0,0,0,3,6,6,7,7,11,16,19,23,27,53,93,132,137,141,152,152,161,195,204,205,205,214,214,287,313,378,378,408,566,566,636,636,641,641,834,1042,1042,1042,1082.0,1119.0,1156.0,1192.0,1236.0,1277.0,1308.0,1332.0,1360.0,1386.0
nan,Greece,39.0742,21.8243,0,0,0,0,0,0,0,0,0,0,0,0,0,0,0,0,0,0,0,0,0,0,0,0,0,0,0,0,0,0,0,0,0,0,0,1,3,4,4,7,7,7,9,31,45,46,73,73,89,99,99,190,228,331,331,387,418,418,495,530,624,695,743,821,892,966,1061,1156,1212,1314,1415,1544,1613,1673,1735,1755,1832,1884,1955,2011,2081,2114,2145,2170,2192,2207,2224,2235,2235,2245,2401,2440.0,2472.0,2502.0,2525.0,2544.0,2559.0,2584.0,2605.0,2622.0,2638.0
nan,Guatemala,15.7835,-90.2308,0,0,0,0,0,0,0,0,0,0,0,0,0,0,0,0,0,0,0,0,0,0,0,0,0,0,0,0,0,0,0,0,0,0,0,0,0,0,0,0,0,0,0,0,0,0,0,0,0,0,0,0,1,1,2,6,6,9,12,17,19,20,21,24,25,28,34,34,36,38,39,47,50,61,61,70,77,87,95,126,137,155,156,167,180,196,214,235,257,289,294,313.0,330.0,346.0,363.0,379.0,396.0,411.0,426.0,441.0,455.0
nan,Guinea,9.9456,-9.6966,0,0,0,0,0,0,0,0,0,0,0,0,0,0,0,0,0,0,0,0,0,0,0,0,0,0,0,0,0,0,0,0,0,0,0,0,0,0,0,0,0,0,0,0,0,0,0,0,0,0,0,1,1,1,1,1,1,1,1,2,2,4,4,4,4,8,8,16,22,22,30,52,73,111,121,128,144,164,194,212,250,250,319,363,404,438,477,518,579,622,688,726.0,769.0,806.0,846.0,881.0,922.0,957.0,997.0,1033.0,1072.0
nan,Guyana,5.0,-58.75,0,0,0,0,0,0,0,0,0,0,0,0,0,0,0,0,0,0,0,0,0,0,0,0,0,0,0,0,0,0,0,0,0,0,0,0,0,0,0,0,0,0,0,0,0,0,0,0,0,0,1,1,1,4,4,7,7,7,7,7,19,20,5,5,5,5,8,8,8,12,19,19,23,23,24,31,33,37,37,37,45,45,45,47,55,55,63,63,65,65,66,67.0,68.0,69.0,70.0,71.0,72.0,73.0,74.0,75.0,76.0
nan,Haiti,18.9712,-72.2852,0,0,0,0,0,0,0,0,0,0,0,0,0,0,0,0,0,0,0,0,0,0,0,0,0,0,0,0,0,0,0,0,0,0,0,0,0,0,0,0,0,0,0,0,0,0,0,0,0,0,0,0,0,0,0,0,0,0,2,2,2,6,7,8,8,8,8,15,15,15,16,16,18,20,21,24,25,27,30,31,33,33,40,40,41,41,43,44,47,57,57,58.0,59.0,60.0,61.0,62.0,63.0,64.0,65.0,66.0,67.0
nan,Holy See,41.9029,12.4534,0,0,0,0,0,0,0,0,0,0,0,0,0,0,0,0,0,0,0,0,0,0,0,0,0,0,0,0,0,0,0,0,0,0,0,0,0,0,0,0,0,0,0,0,1,1,1,1,1,1,1,1,1,1,1,1,1,1,1,1,1,1,4,4,4,4,6,6,6,6,6,7,7,7,7,7,7,8,8,8,8,8,8,8,8,8,8,8,8,9,9,10.0,11.0,12.0,13.0,14.0,15.0,16.0,17.0,18.0,19.0
nan,Honduras,15.2,-86.2419,0,0,0,0,0,0,0,0,0,0,0,0,0,0,0,0,0,0,0,0,0,0,0,0,0,0,0,0,0,0,0,0,0,0,0,0,0,0,0,0,0,0,0,0,0,0,0,0,0,2,2,2,2,3,6,8,9,12,24,24,26,30,30,36,52,68,95,110,139,141,172,219,222,264,268,298,305,312,343,382,392,393,397,407,419,426,442,457,472,477,494,504.0,514.0,526.0,541.0,555.0,569.0,582.0,590.0,597.0,602.0
nan,Hungary,47.1625,19.5033,0,0,0,0,0,0,0,0,0,0,0,0,0,0,0,0,0,0,0,0,0,0,0,0,0,0,0,0,0,0,0,0,0,0,0,0,0,0,0,0,0,0,2,2,2,4,7,9,9,13,13,19,30,32,39,50,58,73,85,103,131,167,187,226,261,300,343,408,447,492,525,585,623,678,733,744,817,895,980,1190,1310,1410,1458,1512,1579,1652,1763,1834,1916,1984,2098,2169.0,2230.0,2292.0,2352.0,2411.0,2466.0,2527.0,2579.0,2628.0,2676.0
nan,Iceland,64.9631,-19.0208,0,0,0,0,0,0,0,0,0,0,0,0,0,0,0,0,0,0,0,0,0,0,0,0,0,0,0,0,0,0,0,0,0,0,0,0,0,1,1,3,6,11,26,34,43,50,50,58,69,85,103,134,156,171,180,220,250,330,409,473,568,588,648,737,802,890,963,1020,1086,1135,1220,1319,1364,1417,1486,1562,1586,1616,1648,1675,1689,1701,1711,1720,1727,1739,1754,1760,1771,1773,1778,1780.0,1782.0,1783.0,1784.0,1785.0,1786.0,1787.0,1788.0,1789.0,1790.0
nan,India,21.0,78.0,0,0,0,0,0,0,0,0,1,1,1,2,3,3,3,3,3,3,3,3,3,3,3,3,3,3,3,3,3,3,3,3,3,3,3,3,3,3,3,3,5,5,28,30,31,34,39,43,56,62,73,82,102,113,119,142,156,194,244,330,396,499,536,657,727,887,987,1024,1251,1397,1998,2543,2567,3082,3588,4778,5311,5916,6725,7598,8446,9205,10453,11487,12322,13430,14352,15722,17615,18539,20080,21339.0,22511.0,23804.0,24951.0,26227.0,27389.0,28612.0,29933.0,31074.0,32334.0
nan,Indonesia,-0.7893,113.9213,0,0,0,0,0,0,0,0,0,0,0,0,0,0,0,0,0,0,0,0,0,0,0,0,0,0,0,0,0,0,0,0,0,0,0,0,0,0,0,0,2,2,2,2,4,4,6,19,27,34,34,69,96,117,134,172,227,311,369,450,514,579,686,790,893,1046,1155,1285,1414,1528,1677,1790,1986,2092,2273,2491,2738,2956,3293,3512,3842,4241,4557,4839,5136,5516,5923,6248,6575,6760,7135,7411.0,7598.0,7895.0,8081.0,8328.0,8560.0,8717.0,8942.0,9123.0,9299.0
nan,Iran,32.0,53.0,0,0,0,0,0,0,0,0,0,0,0,0,0,0,0,0,0,0,0,0,0,0,0,0,0,0,0,0,2,5,18,28,43,61,95,139,245,388,593,978,1501,2336,2922,3513,4747,5823,6566,7161,8042,9000,10075,11364,12729,13938,14991,16169,17361,18407,19644,20610,21638,23049,24811,27017,29406,32332,35408,38309,41495,44605,47593,50468,53183,55743,58226,60500,62589,64586,66220,68192,70029,71686,73303,74877,76389,77995,79494,80868,82211,83505,84802,85801.0,86753.0,87694.0,88576.0,89415.0,90243.0,91045.0,91808.0,92498.0,93179.0
nan,Iraq,33.0,44.0,0,0,0,0,0,0,0,0,0,0,0,0,0,0,0,0,0,0,0,0,0,0,0,0,0,0,0,0,0,0,0,0,0,1,1,5,7,7,13,19,26,32,35,35,40,54,60,60,71,71,71,101,110,116,124,154,164,192,208,214,233,266,316,346,382,458,506,547,630,694,728,772,820,878,961,1031,1122,1202,1232,1279,1318,1352,1378,1400,1415,1434,1482,1513,1539,1574,1602,1630.0,1657.0,1684.0,1711.0,1737.0,1761.0,1786.0,1810.0,1833.0,1857.0
nan,Ireland,53.1424,-7.6921,0,0,0,0,0,0,0,0,0,0,0,0,0,0,0,0,0,0,0,0,0,0,0,0,0,0,0,0,0,0,0,0,0,0,0,0,0,0,1,1,1,2,6,6,18,18,19,21,34,43,43,90,129,129,169,223,292,557,683,785,906,1125,1329,1564,1819,2121,2415,2615,2910,3235,3447,3849,4273,4604,4994,5364,5709,6074,6574,8089,8928,9655,10647,11479,12547,13271,13980,14758,15251,15652,16040,16461.0,16801.0,17046.0,17291.0,17469.0,17673.0,17821.0,17984.0,18118.0,18219.0
nan,Israel,31.0,35.0,0,0,0,0,0,0,0,0,0,0,0,0,0,0,0,0,0,0,0,0,0,0,0,0,0,0,0,0,0,0,1,1,1,1,1,2,3,4,7,10,10,12,15,20,37,43,61,61,75,79,100,126,155,213,218,250,304,427,529,712,883,1071,1238,2369,2693,3035,3619,4247,4695,5358,6092,6857,7428,7851,8430,8904,9248,9404,9968,10408,10743,11145,11586,12046,12501,12758,12982,13265,13491,13713,13942,14115.0,14250.0,14354.0,14445.0,14519.0,14580.0,14634.0,14684.0,14722.0,14749.0
nan,Italy,43.0,12.0,0,0,0,0,0,0,0,0,0,2,2,2,2,2,2,2,3,3,3,3,3,3,3,3,3,3,3,3,3,3,20,62,155,229,322,453,655,888,1128,1694,2036,2502,3089,3858,4636,5883,7375,9172,10149,12462,12462,17660,21157,24747,27980,31506,35713,41035,47021,53578,59138,63927,69176,74386,80589,86498,92472,97689,101739,105792,110574,115242,119827,124632,128948,132547,135586,139422,143626,147577,152271,156363,159516,162488,165155,168941,172434,175925,178972,181228,183957,185972.0,188370.0,191015.0,193582.0,195726.0,197288.0,198860.0,200223.0,202136.0,204009.0
nan,Jamaica,18.1096,-77.2975,0,0,0,0,0,0,0,0,0,0,0,0,0,0,0,0,0,0,0,0,0,0,0,0,0,0,0,0,0,0,0,0,0,0,0,0,0,0,0,0,0,0,0,0,0,0,0,0,0,1,2,8,8,10,10,12,13,15,16,16,19,19,21,26,26,26,30,32,36,36,44,47,47,53,58,58,63,63,63,63,65,69,73,73,125,143,143,163,173,223,223,236.0,245.0,250.0,254.0,256.0,259.0,261.0,263.0,264.0,265.0
nan,Japan,36.0,138.0,2,2,2,2,4,4,7,7,11,15,20,20,20,22,22,22,25,25,26,26,26,28,28,29,43,59,66,74,84,94,105,122,147,159,170,189,214,228,241,256,274,293,331,360,420,461,502,511,581,639,639,701,773,839,839,878,889,924,963,1007,1101,1128,1193,1307,1387,1468,1693,1866,1866,1953,2178,2495,2617,3139,3139,3654,3906,4257,4667,5530,6005,6748,7370,7645,8100,8626,9787,10296,10797,10797,11135,11346.0,11571.0,11763.0,11882.0,12003.0,12153.0,12291.0,12391.0,12484.0,12586.0
nan,Jordan,31.24,36.51,0,0,0,0,0,0,0,0,0,0,0,0,0,0,0,0,0,0,0,0,0,0,0,0,0,0,0,0,0,0,0,0,0,0,0,0,0,0,0,0,0,1,1,1,1,1,1,1,1,1,1,1,1,8,17,34,52,69,85,85,112,127,154,172,212,235,246,259,268,274,278,299,310,323,345,349,353,358,372,372,381,389,391,397,401,402,407,413,417,425,428,429.0,430.0,431.0,432.0,433.0,434.0,435.0,436.0,437.0,438.0
nan,Kazakhstan,48.0196,66.9237,0,0,0,0,0,0,0,0,0,0,0,0,0,0,0,0,0,0,0,0,0,0,0,0,0,0,0,0,0,0,0,0,0,0,0,0,0,0,0,0,0,0,0,0,0,0,0,0,0,0,0,4,6,9,10,33,35,44,49,53,60,62,72,81,111,150,228,284,302,343,380,435,464,531,584,662,697,727,781,812,865,951,1091,1232,1295,1402,1546,1615,1676,1852,1995,2108.0,2216.0,2325.0,2436.0,2537.0,2640.0,2755.0,2855.0,2957.0,3057.0
nan,Kenya,-0.0236,37.9062,0,0,0,0,0,0,0,0,0,0,0,0,0,0,0,0,0,0,0,0,0,0,0,0,0,0,0,0,0,0,0,0,0,0,0,0,0,0,0,0,0,0,0,0,0,0,0,0,0,0,0,1,1,3,3,3,3,7,7,7,15,16,25,28,31,31,38,42,50,59,81,110,122,126,142,158,172,179,184,189,191,197,208,216,225,234,246,262,270,281,296,306.0,315.0,323.0,330.0,337.0,342.0,346.0,349.0,351.0,352.0
nan,"Korea, South",36.0,128.0,1,1,2,2,3,4,4,4,4,11,12,15,15,16,19,23,24,24,25,27,28,28,28,28,28,29,30,31,31,104,204,433,602,833,977,1261,1766,2337,3150,3736,4335,5186,5621,6088,6593,7041,7314,7478,7513,7755,7869,7979,8086,8162,8236,8320,8413,8565,8652,8799,8961,8961,9037,9137,9241,9332,9478,9583,9661,9786,9887,9976,10062,10156,10237,10284,10331,10384,10423,10450,10480,10512,10537,10564,10591,10613,10635,10653,10661,10674,10683,10695.0,10707.0,10719.0,10729.0,10737.0,10743.0,10747.0,10750.0,10752.0,10753.0
nan,Kuwait,29.5,47.75,0,0,0,0,0,0,0,0,0,0,0,0,0,0,0,0,0,0,0,0,0,0,0,0,0,0,0,0,0,0,0,0,0,1,11,26,43,45,45,45,56,56,56,58,58,61,64,64,69,72,80,80,104,112,123,130,142,148,159,176,188,189,191,195,208,225,235,255,266,289,317,342,417,479,556,665,743,855,910,993,1154,1234,1300,1355,1405,1524,1658,1751,1915,1995,2080,2178.0,2263.0,2353.0,2444.0,2525.0,2610.0,2694.0,2779.0,2865.0,2951.0
nan,Kyrgyzstan,41.2044,74.7661,0,0,0,0,0,0,0,0,0,0,0,0,0,0,0,0,0,0,0,0,0,0,0,0,0,0,0,0,0,0,0,0,0,0,0,0,0,0,0,0,0,0,0,0,0,0,0,0,0,0,0,0,0,0,0,0,3,3,6,14,14,16,42,44,44,58,58,84,94,107,111,116,130,144,147,216,228,270,280,298,339,377,419,430,449,466,489,506,554,568,590,612.0,629.0,648.0,666.0,684.0,700.0,716.0,730.0,745.0,759.0
nan,Latvia,56.8796,24.6032,0,0,0,0,0,0,0,0,0,0,0,0,0,0,0,0,0,0,0,0,0,0,0,0,0,0,0,0,0,0,0,0,0,0,0,0,0,0,0,0,1,1,1,1,1,1,2,6,8,10,10,17,26,30,34,49,71,86,111,124,139,180,197,221,244,280,305,347,376,398,446,458,493,509,533,542,548,577,589,612,630,651,655,657,666,675,682,712,727,739,748,758.0,768.0,779.0,786.0,795.0,801.0,807.0,813.0,817.0,821.0
nan,Lebanon,33.8547,35.8623,0,0,0,0,0,0,0,0,0,0,0,0,0,0,0,0,0,0,0,0,0,0,0,0,0,0,0,0,0,0,1,1,1,1,1,2,2,2,4,10,13,13,13,16,22,22,32,32,41,61,61,77,93,110,110,120,133,157,163,187,248,267,318,333,368,391,412,438,446,470,479,494,508,520,527,541,548,576,582,609,619,630,632,641,658,663,668,672,673,677,677,678.0,679.0,680.0,681.0,682.0,683.0,684.0,685.0,686.0,687.0
nan,Liberia,6.4281,-9.4295,0,0,0,0,0,0,0,0,0,0,0,0,0,0,0,0,0,0,0,0,0,0,0,0,0,0,0,0,0,0,0,0,0,0,0,0,0,0,0,0,0,0,0,0,0,0,0,0,0,0,0,0,0,0,1,1,2,2,2,3,3,3,3,3,3,3,3,3,3,3,6,6,7,10,13,14,14,31,31,37,48,50,59,59,59,59,76,76,91,99,101,108.0,111.0,115.0,117.0,120.0,122.0,123.0,124.0,125.0,126.0
nan,Liechtenstein,47.14,9.55,0,0,0,0,0,0,0,0,0,0,0,0,0,0,0,0,0,0,0,0,0,0,0,0,0,0,0,0,0,0,0,0,0,0,0,0,0,0,0,0,0,0,1,1,1,1,1,1,1,1,1,1,4,4,4,7,28,28,28,37,37,51,51,51,56,56,56,56,62,68,68,75,75,77,77,77,78,78,78,79,79,79,79,79,79,79,79,79,81,81,81,82.0,83.0,84.0,85.0,86.0,87.0,88.0,89.0,90.0,91.0
nan,Lithuania,55.1694,23.8813,0,0,0,0,0,0,0,0,0,0,0,0,0,0,0,0,0,0,0,0,0,0,0,0,0,0,0,0,0,0,0,0,0,0,0,0,0,1,1,1,1,1,1,1,1,1,1,1,1,3,3,6,8,12,17,25,27,36,49,83,143,179,209,274,299,358,394,460,491,537,581,649,696,771,811,843,880,912,955,999,1026,1053,1062,1070,1091,1128,1149,1239,1298,1326,1350,1377.0,1399.0,1423.0,1448.0,1472.0,1494.0,1511.0,1528.0,1544.0,1558.0
nan,Luxembourg,49.8153,6.1296,0,0,0,0,0,0,0,0,0,0,0,0,0,0,0,0,0,0,0,0,0,0,0,0,0,0,0,0,0,0,0,0,0,0,0,0,0,0,1,1,1,1,1,1,2,2,3,3,5,7,19,34,51,59,77,140,203,335,484,670,798,875,1099,1333,1453,1605,1831,1950,1988,2178,2319,2487,2612,2729,2804,2843,2970,3034,3115,3223,3270,3281,3292,3307,3373,3444,3480,3537,3550,3558,3618,3635.0,3653.0,3664.0,3675.0,3682.0,3689.0,3695.0,3700.0,3704.0,3706.0
nan,Madagascar,-18.7669,46.8691,0,0,0,0,0,0,0,0,0,0,0,0,0,0,0,0,0,0,0,0,0,0,0,0,0,0,0,0,0,0,0,0,0,0,0,0,0,0,0,0,0,0,0,0,0,0,0,0,0,0,0,0,0,0,0,0,0,0,3,3,3,12,17,19,23,26,26,39,43,57,57,59,70,70,72,82,88,93,93,93,102,106,106,108,110,111,117,120,121,121,121,122.0,123.0,124.0,125.0,126.0,127.0,128.0,129.0,130.0,131.0
nan,Malaysia,2.5,112.5,0,0,0,3,4,4,4,7,8,8,8,8,8,10,12,12,12,16,16,18,18,18,19,19,22,22,22,22,22,22,22,22,22,22,22,22,23,23,25,29,29,36,50,50,83,93,99,117,129,149,149,197,238,428,566,673,790,900,1030,1183,1306,1518,1624,1796,2031,2161,2320,2470,2626,2766,2908,3116,3333,3483,3662,3793,3963,4119,4228,4346,4530,4683,4817,4987,5072,5182,5251,5305,5389,5425,5482,5522.0,5554.0,5584.0,5606.0,5627.0,5646.0,5661.0,5674.0,5685.0,5695.0
nan,Maldives,3.2028,73.2207,0,0,0,0,0,0,0,0,0,0,0,0,0,0,0,0,0,0,0,0,0,0,0,0,0,0,0,0,0,0,0,0,0,0,0,0,0,0,0,0,0,0,0,0,0,0,4,4,6,8,8,9,10,13,13,13,13,13,13,13,13,13,13,13,13,16,16,17,17,18,19,19,19,19,19,19,19,19,19,19,19,20,20,20,22,25,28,35,52,69,83,88.0,93.0,98.0,103.0,108.0,113.0,118.0,122.0,126.0,129.0
nan,Malta,35.9375,14.3754,0,0,0,0,0,0,0,0,0,0,0,0,0,0,0,0,0,0,0,0,0,0,0,0,0,0,0,0,0,0,0,0,0,0,0,0,0,0,0,0,0,0,0,0,0,3,3,3,5,6,6,12,18,21,30,38,38,53,64,73,90,107,110,129,134,139,149,151,156,169,188,196,202,213,227,241,293,299,337,350,370,378,384,393,399,412,422,426,427,431,443,445.0,447.0,449.0,450.0,451.0,452.0,453.0,454.0,455.0,456.0
nan,Mauritania,21.0079,10.9408,0,0,0,0,0,0,0,0,0,0,0,0,0,0,0,0,0,0,0,0,0,0,0,0,0,0,0,0,0,0,0,0,0,0,0,0,0,0,0,0,0,0,0,0,0,0,0,0,0,0,0,0,1,1,1,1,1,2,2,2,2,2,2,2,3,3,5,5,5,6,6,6,6,6,6,6,6,6,7,7,7,7,7,7,7,7,7,7,7,7,7,8.0,9.0,10.0,11.0,12.0,13.0,14.0,15.0,16.0,17.0
nan,Mauritius,-20.2,57.5,0,0,0,0,0,0,0,0,0,0,0,0,0,0,0,0,0,0,0,0,0,0,0,0,0,0,0,0,0,0,0,0,0,0,0,0,0,0,0,0,0,0,0,0,0,0,0,0,0,0,0,0,0,0,0,0,3,3,12,14,28,36,42,48,81,94,102,107,128,143,161,169,186,196,227,244,268,273,314,318,319,324,324,324,324,324,324,325,328,328,328,329.0,330.0,331.0,332.0,333.0,334.0,335.0,336.0,337.0,338.0
nan,Mexico,23.6345,-102.5528,0,0,0,0,0,0,0,0,0,0,0,0,0,0,0,0,0,0,0,0,0,0,0,0,0,0,0,0,0,0,0,0,0,0,0,0,0,1,4,5,5,5,5,5,6,6,7,7,7,8,12,12,26,41,53,82,93,118,164,203,251,316,367,405,475,585,717,848,993,1094,1215,1378,1510,1688,1890,2143,2439,2785,3181,3441,3844,4219,4661,5014,5399,5847,6297,6875,7497,8261,8772,9346.0,10003.0,10564.0,11143.0,11843.0,12550.0,13124.0,13805.0,14462.0,15058.0
nan,Moldova,47.4116,28.3699,0,0,0,0,0,0,0,0,0,0,0,0,0,0,0,0,0,0,0,0,0,0,0,0,0,0,0,0,0,0,0,0,0,0,0,0,0,0,0,0,0,0,0,0,0,0,1,1,3,3,3,6,12,23,23,30,30,49,66,80,94,109,125,149,177,199,231,263,298,353,423,505,591,752,864,965,1056,1174,1289,1438,1560,1662,1712,1934,2049,2154,2264,2378,2472,2548,2614,2670.0,2715.0,2760.0,2804.0,2845.0,2880.0,2914.0,2951.0,2984.0,3016.0
nan,Monaco,43.7333,7.4167,0,0,0,0,0,0,0,0,0,0,0,0,0,0,0,0,0,0,0,0,0,0,0,0,0,0,0,0,0,0,0,0,0,0,0,0,0,0,1,1,1,1,1,1,1,1,1,1,1,1,2,2,2,2,7,7,7,7,11,11,23,23,23,31,33,42,42,46,49,52,55,60,64,66,73,77,79,81,84,90,92,93,93,93,93,93,94,94,94,94,94,95.0,96.0,97.0,98.0,99.0,100.0,101.0,102.0,103.0,104.0
nan,Mongolia,46.8625,103.8467,0,0,0,0,0,0,0,0,0,0,0,0,0,0,0,0,0,0,0,0,0,0,0,0,0,0,0,0,0,0,0,0,0,0,0,0,0,0,0,0,0,0,0,0,0,0,0,0,1,1,1,1,1,1,1,5,6,6,6,10,10,10,10,10,11,11,12,12,12,12,14,14,14,14,14,15,15,16,16,16,16,16,17,30,30,31,31,31,32,33,34,35.0,36.0,37.0,38.0,39.0,40.0,41.0,42.0,43.0,44.0
nan,Montenegro,42.5,19.3,0,0,0,0,0,0,0,0,0,0,0,0,0,0,0,0,0,0,0,0,0,0,0,0,0,0,0,0,0,0,0,0,0,0,0,0,0,0,0,0,0,0,0,0,0,0,0,0,0,0,0,0,0,0,0,2,2,3,14,14,21,27,47,52,69,82,84,85,91,109,123,144,174,201,214,233,241,248,252,255,263,272,274,283,288,303,303,307,308,312,313,315.0,316.0,317.0,318.0,319.0,320.0,321.0,322.0,323.0,324.0
nan,Morocco,31.7917,-7.0926,0,0,0,0,0,0,0,0,0,0,0,0,0,0,0,0,0,0,0,0,0,0,0,0,0,0,0,0,0,0,0,0,0,0,0,0,0,0,0,0,1,1,1,2,2,2,2,2,3,5,6,7,17,28,29,38,49,63,77,96,115,143,170,225,275,345,402,479,556,617,654,708,791,919,1021,1120,1184,1275,1374,1448,1545,1661,1763,1888,2024,2283,2564,2685,2855,3046,3209,3366.0,3520.0,3659.0,3829.0,3997.0,4148.0,4279.0,4404.0,4521.0,4636.0
nan,Namibia,-22.9576,18.4904,0,0,0,0,0,0,0,0,0,0,0,0,0,0,0,0,0,0,0,0,0,0,0,0,0,0,0,0,0,0,0,0,0,0,0,0,0,0,0,0,0,0,0,0,0,0,0,0,0,0,0,0,2,2,2,2,2,3,3,3,3,4,7,7,8,8,8,11,11,11,14,14,14,14,16,16,16,16,16,16,16,16,16,16,16,16,16,16,16,16,16,17.0,18.0,19.0,20.0,21.0,22.0,23.0,24.0,25.0,26.0
nan,Nepal,28.1667,84.25,0,0,0,1,1,1,1,1,1,1,1,1,1,1,1,1,1,1,1,1,1,1,1,1,1,1,1,1,1,1,1,1,1,1,1,1,1,1,1,1,1,1,1,1,1,1,1,1,1,1,1,1,1,1,1,1,1,1,1,1,1,2,2,3,3,4,5,5,5,5,5,6,6,9,9,9,9,9,9,9,9,12,14,16,16,16,30,31,31,31,43,44.0,45.0,46.0,47.0,48.0,49.0,50.0,51.0,52.0,53.0
Aruba,Netherlands,12.5186,-70.0358,0,0,0,0,0,0,0,0,0,0,0,0,0,0,0,0,0,0,0,0,0,0,0,0,0,0,0,0,0,0,0,0,0,0,0,0,0,0,0,0,0,0,0,0,0,0,0,0,0,0,0,2,2,2,2,3,4,4,5,5,9,9,12,17,28,33,46,50,50,55,55,60,62,64,64,71,74,77,82,86,92,92,92,92,93,95,96,96,97,97,97,98.0,99.0,100.0,101.0,102.0,103.0,104.0,105.0,106.0,107.0
Curacao,Netherlands,12.1696,-68.99,0,0,0,0,0,0,0,0,0,0,0,0,0,0,0,0,0,0,0,0,0,0,0,0,0,0,0,0,0,0,0,0,0,0,0,0,0,0,0,0,0,0,0,0,0,0,0,0,0,0,0,0,1,1,1,3,3,3,3,3,3,4,6,6,6,8,8,8,11,11,11,11,11,11,11,13,13,14,14,14,14,14,14,14,14,14,14,14,14,14,14,15.0,16.0,17.0,18.0,19.0,20.0,21.0,22.0,23.0,24.0
Sint Maarten,Netherlands,18.0425,-63.0548,0,0,0,0,0,0,0,0,0,0,0,0,0,0,0,0,0,0,0,0,0,0,0,0,0,0,0,0,0,0,0,0,0,0,0,0,0,0,0,0,0,0,0,0,0,0,0,0,0,0,0,0,0,0,0,0,0,0,1,1,1,2,2,3,3,3,3,6,6,6,16,18,23,23,25,37,40,40,43,50,50,50,50,52,53,57,57,64,67,67,67,68.0,69.0,70.0,71.0,72.0,73.0,74.0,75.0,76.0,77.0
nan,Netherlands,52.1326,5.2913,0,0,0,0,0,0,0,0,0,0,0,0,0,0,0,0,0,0,0,0,0,0,0,0,0,0,0,0,0,0,0,0,0,0,0,0,1,1,6,10,18,24,38,82,128,188,265,321,382,503,503,804,959,1135,1413,1705,2051,2460,2994,3631,4204,4749,5560,6412,7431,8603,9762,10866,11750,12595,13614,14697,15723,16627,17851,18803,19580,20549,21762,23097,24413,25587,26551,27419,28153,29214,30449,31589,32655,33405,34134,34727.0,35287.0,35920.0,36886.0,37737.0,38325.0,38799.0,39272.0,39650.0,40230.0
nan,New Zealand,-40.9006,174.886,0,0,0,0,0,0,0,0,0,0,0,0,0,0,0,0,0,0,0,0,0,0,0,0,0,0,0,0,0,0,0,0,0,0,0,0,0,1,1,1,1,1,3,3,4,5,5,5,5,5,5,5,6,8,8,12,20,28,39,52,102,102,155,205,283,368,451,514,589,647,708,797,868,950,1039,1106,1160,1210,1239,1283,1312,1330,1349,1366,1386,1401,1409,1422,1431,1440,1445,1453.0,1459.0,1466.0,1471.0,1475.0,1479.0,1481.0,1483.0,1485.0,1487.0
nan,Nicaragua,12.8654,-85.2072,0,0,0,0,0,0,0,0,0,0,0,0,0,0,0,0,0,0,0,0,0,0,0,0,0,0,0,0,0,0,0,0,0,0,0,0,0,0,0,0,0,0,0,0,0,0,0,0,0,0,0,0,0,0,0,0,0,1,1,2,2,2,2,2,2,2,4,4,4,5,5,5,5,5,6,6,6,6,7,7,8,9,9,9,9,9,9,9,10,10,10,11.0,12.0,13.0,14.0,15.0,16.0,17.0,18.0,19.0,20.0
nan,Niger,17.6078,8.0817,0,0,0,0,0,0,0,0,0,0,0,0,0,0,0,0,0,0,0,0,0,0,0,0,0,0,0,0,0,0,0,0,0,0,0,0,0,0,0,0,0,0,0,0,0,0,0,0,0,0,0,0,0,0,0,0,0,0,1,1,2,3,3,7,10,10,10,18,27,27,74,98,120,144,184,253,278,342,410,438,491,529,529,570,584,584,627,639,648,648,657,666.0,674.0,682.0,688.0,694.0,697.0,698.0,699.0,700.0,701.0
nan,Nigeria,9.082,8.6753,0,0,0,0,0,0,0,0,0,0,0,0,0,0,0,0,0,0,0,0,0,0,0,0,0,0,0,0,0,0,0,0,0,0,0,0,0,1,1,1,1,1,1,1,1,1,1,2,2,2,2,2,2,2,2,3,8,8,12,22,30,40,44,51,65,70,89,111,131,135,174,184,210,214,232,238,254,276,288,305,318,323,343,373,407,442,493,542,627,665,665,711.0,753.0,796.0,843.0,893.0,940.0,990.0,1039.0,1090.0,1145.0
nan,North Macedonia,41.6086,21.7453,0,0,0,0,0,0,0,0,0,0,0,0,0,0,0,0,0,0,0,0,0,0,0,0,0,0,0,0,0,0,0,0,0,0,0,1,1,1,1,1,1,1,1,1,3,3,3,3,7,7,7,14,14,14,18,26,35,48,67,85,115,136,148,177,201,219,241,259,285,329,354,384,430,483,555,570,599,617,663,711,760,828,854,908,974,1081,1117,1170,1207,1225,1231,1259.0,1287.0,1316.0,1347.0,1370.0,1395.0,1414.0,1432.0,1452.0,1469.0
nan,Norway,60.472,8.4689,0,0,0,0,0,0,0,0,0,0,0,0,0,0,0,0,0,0,0,0,0,0,0,0,0,0,0,0,0,0,0,0,0,0,0,1,1,6,15,19,25,32,56,87,108,147,176,205,400,598,702,996,1090,1221,1333,1463,1550,1746,1914,2118,2385,2621,2863,3084,3369,3755,4015,4284,4445,4641,4863,5147,5370,5550,5687,5865,6086,6086,6211,6314,6409,6525,6603,6623,6740,6896,6937,7036,7078,7156,7191,7240.0,7284.0,7315.0,7357.0,7377.0,7401.0,7424.0,7436.0,7455.0,7465.0
nan,Oman,21.0,57.0,0,0,0,0,0,0,0,0,0,0,0,0,0,0,0,0,0,0,0,0,0,0,0,0,0,0,0,0,0,0,0,0,0,2,2,4,4,4,6,6,6,12,15,16,16,16,16,16,18,18,18,19,19,22,22,24,39,48,48,52,55,66,84,99,109,131,152,167,179,192,210,231,252,277,298,331,371,419,457,484,546,599,727,813,910,1019,1069,1180,1266,1410,1508,1621.0,1730.0,1842.0,1944.0,2057.0,2172.0,2296.0,2414.0,2543.0,2674.0
nan,Pakistan,30.3753,69.3451,0,0,0,0,0,0,0,0,0,0,0,0,0,0,0,0,0,0,0,0,0,0,0,0,0,0,0,0,0,0,0,0,0,0,0,2,2,2,4,4,4,5,5,5,6,6,6,6,16,19,20,28,31,53,136,236,299,454,501,730,776,875,972,1063,1201,1373,1495,1597,1717,1938,2118,2421,2686,2818,3157,3766,4035,4263,4489,4695,5011,5230,5496,5837,6383,6919,7025,7638,8348,8418,9565,10007.0,10284.0,10927.0,11233.0,11457.0,11757.0,11928.0,11996.0,12183.0,12264.0
nan,Panama,8.538,-80.7821,0,0,0,0,0,0,0,0,0,0,0,0,0,0,0,0,0,0,0,0,0,0,0,0,0,0,0,0,0,0,0,0,0,0,0,0,0,0,0,0,0,0,0,0,0,0,0,0,1,8,11,27,36,43,55,69,86,109,137,200,313,345,345,443,558,674,786,901,989,1181,1181,1317,1475,1673,1801,1988,2100,2249,2528,2752,2974,3234,3400,3472,3574,3751,4016,4210,4273,4467,4658,4807.0,4945.0,5083.0,5218.0,5320.0,5406.0,5503.0,5570.0,5629.0,5682.0
nan,Papua New Guinea,-6.315,143.9555,0,0,0,0,0,0,0,0,0,0,0,0,0,0,0,0,0,0,0,0,0,0,0,0,0,0,0,0,0,0,0,0,0,0,0,0,0,0,0,0,0,0,0,0,0,0,0,0,0,0,0,0,0,0,0,0,0,0,1,1,1,1,1,1,1,1,1,1,1,1,1,1,1,1,1,2,2,2,2,2,2,2,2,2,2,7,7,7,7,7,7,0,0,0,0,0,0,0,0,0,0
nan,Paraguay,-23.4425,-58.4438,0,0,0,0,0,0,0,0,0,0,0,0,0,0,0,0,0,0,0,0,0,0,0,0,0,0,0,0,0,0,0,0,0,0,0,0,0,0,0,0,0,0,0,0,0,0,1,1,1,5,5,6,6,6,8,9,11,11,13,18,22,22,27,37,41,52,56,59,64,65,69,77,92,96,104,113,115,119,124,129,133,134,147,159,161,174,199,202,206,208,208,212.0,214.0,216.0,217.0,218.0,219.0,220.0,221.0,222.0,223.0
nan,Peru,-9.19,-75.0152,0,0,0,0,0,0,0,0,0,0,0,0,0,0,0,0,0,0,0,0,0,0,0,0,0,0,0,0,0,0,0,0,0,0,0,0,0,0,0,0,0,0,0,0,1,1,6,7,11,11,15,28,38,43,86,117,145,234,234,318,363,395,416,480,580,635,671,852,950,1065,1323,1414,1595,1746,2281,2561,2954,4342,5256,5897,6848,7519,9784,10303,11475,12491,13489,14420,15628,16325,17837,18675.0,19790.0,20614.0,21380.0,22064.0,22865.0,23409.0,24168.0,24806.0,25493.0
nan,Philippines,13.0,122.0,0,0,0,0,0,0,0,0,1,1,1,2,2,2,2,2,3,3,3,3,3,3,3,3,3,3,3,3,3,3,3,3,3,3,3,3,3,3,3,3,3,3,3,3,5,6,10,20,33,49,52,64,111,140,142,187,202,217,230,307,380,462,552,636,707,803,1075,1418,1546,2084,2311,2633,3018,3094,3246,3660,3764,3870,4076,4195,4428,4648,4932,5223,5453,5660,5878,6087,6259,6459,6599,6788.0,6917.0,7058.0,7186.0,7307.0,7432.0,7533.0,7643.0,7746.0,7843.0
nan,Poland,51.9194,19.1451,0,0,0,0,0,0,0,0,0,0,0,0,0,0,0,0,0,0,0,0,0,0,0,0,0,0,0,0,0,0,0,0,0,0,0,0,0,0,0,0,0,0,1,1,5,5,11,16,22,31,49,68,103,119,177,238,251,355,425,536,634,749,901,1051,1221,1389,1638,1862,2055,2311,2554,2946,3383,3627,4102,4413,4848,5205,5575,5955,6356,6674,6934,7202,7582,7918,8379,8742,9287,9593,9856,10119.0,10361.0,10551.0,10758.0,10926.0,11103.0,11294.0,11471.0,11619.0,11772.0
nan,Portugal,39.3999,-8.2245,0,0,0,0,0,0,0,0,0,0,0,0,0,0,0,0,0,0,0,0,0,0,0,0,0,0,0,0,0,0,0,0,0,0,0,0,0,0,0,0,2,2,5,8,13,20,30,30,41,59,59,112,169,245,331,448,448,785,1020,1280,1600,2060,2362,2995,3544,4268,5170,5962,6408,7443,8251,9034,9886,10524,11278,11730,12442,13141,13956,15472,15987,16585,16934,17448,18091,18841,19022,19685,20206,20863,21379,21720.0,22047.0,22330.0,22540.0,22788.0,23020.0,23233.0,23428.0,23608.0,23772.0
nan,Qatar,25.3548,51.1839,0,0,0,0,0,0,0,0,0,0,0,0,0,0,0,0,0,0,0,0,0,0,0,0,0,0,0,0,0,0,0,0,0,0,0,0,0,0,1,3,3,7,8,8,8,8,15,18,24,262,262,320,337,401,439,439,452,460,470,481,494,501,526,537,549,562,590,634,693,781,835,949,1075,1325,1604,1832,2057,2210,2376,2512,2728,2979,3231,3428,3711,4103,4663,5008,5448,6015,6533,6914.0,7309.0,7719.0,8123.0,8475.0,8813.0,9168.0,9502.0,9795.0,10081.0
nan,Romania,45.9432,24.9668,0,0,0,0,0,0,0,0,0,0,0,0,0,0,0,0,0,0,0,0,0,0,0,0,0,0,0,0,0,0,0,0,0,0,0,1,1,3,3,3,3,3,4,6,9,9,15,15,25,45,49,89,123,131,158,184,260,277,308,367,433,576,794,906,1029,1292,1452,1815,2109,2245,2460,2738,3183,3613,3864,4057,4417,4761,5202,5467,5990,6300,6633,6879,7216,7707,8067,8418,8746,8936,9242,9486.0,9720.0,9949.0,10120.0,10303.0,10472.0,10604.0,10755.0,10887.0,11006.0
nan,Russia,60.0,90.0,0,0,0,0,0,0,0,0,0,2,2,2,2,2,2,2,2,2,2,2,2,2,2,2,2,2,2,2,2,2,2,2,2,2,2,2,2,2,2,2,3,3,3,4,13,13,17,17,20,20,28,45,59,63,90,114,147,199,253,306,367,438,495,658,840,1036,1264,1534,1836,2337,2777,3548,4149,4731,5389,6343,7497,8672,10131,11917,13584,15770,18328,21102,24490,27938,32008,36793,42853,47121,52763,57407.0,62738.0,67293.0,72363.0,76501.0,81111.0,84811.0,88418.0,91786.0,94934.0
nan,Rwanda,-1.9403,29.8739,0,0,0,0,0,0,0,0,0,0,0,0,0,0,0,0,0,0,0,0,0,0,0,0,0,0,0,0,0,0,0,0,0,0,0,0,0,0,0,0,0,0,0,0,0,0,0,0,0,0,0,0,1,1,5,7,8,8,17,17,19,36,40,41,50,54,60,70,70,75,82,84,89,102,104,105,105,110,110,118,120,126,127,134,136,138,143,144,147,147,150,151.0,152.0,153.0,154.0,155.0,156.0,157.0,158.0,159.0,160.0
nan,Saint Lucia,13.9094,-60.9789,0,0,0,0,0,0,0,0,0,0,0,0,0,0,0,0,0,0,0,0,0,0,0,0,0,0,0,0,0,0,0,0,0,0,0,0,0,0,0,0,0,0,0,0,0,0,0,0,0,0,0,0,1,2,2,2,2,2,2,2,2,3,3,3,3,3,3,9,9,13,13,13,13,14,14,14,14,14,14,15,15,15,15,15,15,15,15,15,15,15,15,16.0,17.0,18.0,19.0,20.0,21.0,22.0,23.0,24.0,25.0
nan,Saint Vincent and the Grenadines,12.9843,-61.2872,0,0,0,0,0,0,0,0,0,0,0,0,0,0,0,0,0,0,0,0,0,0,0,0,0,0,0,0,0,0,0,0,0,0,0,0,0,0,0,0,0,0,0,0,0,0,0,0,0,0,0,0,1,1,1,1,1,1,1,1,1,1,1,1,1,1,1,1,1,1,1,2,3,7,7,7,8,8,12,12,12,12,12,12,12,12,12,12,12,12,12,0,0,0,0,0,0,0,0,0,0
nan,San Marino,43.9424,12.4578,0,0,0,0,0,0,0,0,0,0,0,0,0,0,0,0,0,0,0,0,0,0,0,0,0,0,0,0,0,0,0,0,0,0,0,0,1,1,1,1,8,10,16,21,21,23,36,36,51,62,69,80,80,101,109,109,119,119,144,144,175,187,187,208,208,223,224,224,230,236,236,245,245,259,266,266,279,279,333,344,356,356,356,371,372,426,435,455,461,462,476,479.0,483.0,485.0,487.0,488.0,489.0,490.0,491.0,492.0,493.0
nan,Saudi Arabia,24.0,45.0,0,0,0,0,0,0,0,0,0,0,0,0,0,0,0,0,0,0,0,0,0,0,0,0,0,0,0,0,0,0,0,0,0,0,0,0,0,0,0,0,1,1,1,5,5,5,11,15,20,21,45,86,103,103,118,171,171,274,344,392,511,562,767,900,1012,1104,1203,1299,1453,1563,1720,1885,2039,2179,2402,2605,2795,2932,3287,3651,4033,4462,4934,5369,5862,6380,7142,8274,9362,10484,11631,12575.0,13477.0,14395.0,15319.0,16310.0,17224.0,18036.0,18830.0,19542.0,20199.0
nan,Senegal,14.4974,-14.4524,0,0,0,0,0,0,0,0,0,0,0,0,0,0,0,0,0,0,0,0,0,0,0,0,0,0,0,0,0,0,0,0,0,0,0,0,0,0,0,0,1,2,4,4,4,4,4,4,4,4,4,10,10,24,24,26,31,31,38,47,67,79,86,99,105,119,130,142,162,175,190,195,207,219,222,226,237,244,250,265,278,280,291,299,314,335,342,350,367,377,412,430.0,449.0,467.0,484.0,500.0,517.0,535.0,552.0,569.0,584.0
nan,Serbia,44.0165,21.0059,0,0,0,0,0,0,0,0,0,0,0,0,0,0,0,0,0,0,0,0,0,0,0,0,0,0,0,0,0,0,0,0,0,0,0,0,0,0,0,0,0,0,0,0,1,1,1,1,5,12,19,35,46,48,55,65,83,103,135,171,222,249,303,384,384,457,659,741,785,900,1060,1171,1476,1624,1908,2200,2447,2666,2867,3105,3380,3630,4054,4465,4873,5318,5690,5994,6318,6630,6630,6875.0,7045.0,7211.0,7292.0,7390.0,7444.0,7510.0,7568.0,7627.0,7669.0
nan,Seychelles,-4.6796,55.492,0,0,0,0,0,0,0,0,0,0,0,0,0,0,0,0,0,0,0,0,0,0,0,0,0,0,0,0,0,0,0,0,0,0,0,0,0,0,0,0,0,0,0,0,0,0,0,0,0,0,0,0,2,2,3,4,4,6,7,7,7,7,7,7,7,7,8,8,8,10,10,10,10,10,10,11,11,11,11,11,11,11,11,11,11,11,11,11,11,11,11,12.0,13.0,14.0,15.0,16.0,17.0,18.0,19.0,20.0,21.0
nan,Singapore,1.2833,103.8333,0,1,3,3,4,5,7,7,10,13,16,18,18,24,28,28,30,33,40,45,47,50,58,67,72,75,77,81,84,84,85,85,89,89,91,93,93,93,102,106,108,110,110,117,130,138,150,150,160,178,178,200,212,226,243,266,313,345,385,432,455,509,558,631,683,732,802,844,879,926,1000,1049,1114,1189,1309,1375,1481,1623,1910,2108,2299,2532,2918,3252,3699,4427,5050,5992,6588,8014,9125,10317.0,11412.0,12745.0,13893.0,15211.0,16576.0,17970.0,19376.0,20803.0,22205.0
nan,Slovakia,48.669,19.699,0,0,0,0,0,0,0,0,0,0,0,0,0,0,0,0,0,0,0,0,0,0,0,0,0,0,0,0,0,0,0,0,0,0,0,0,0,0,0,0,0,0,0,0,1,1,3,3,7,10,16,32,44,54,63,72,105,123,137,178,185,186,204,216,226,269,292,314,336,363,400,426,450,471,485,534,581,682,701,715,728,742,769,835,863,977,1049,1089,1161,1173,1199,1228.0,1261.0,1291.0,1326.0,1358.0,1386.0,1415.0,1440.0,1464.0,1486.0
nan,Slovenia,46.1512,14.9955,0,0,0,0,0,0,0,0,0,0,0,0,0,0,0,0,0,0,0,0,0,0,0,0,0,0,0,0,0,0,0,0,0,0,0,0,0,0,0,0,0,0,0,2,7,7,16,16,31,57,89,141,181,219,253,275,275,286,341,383,414,442,480,528,562,632,684,730,756,802,841,897,934,977,997,1021,1059,1091,1124,1160,1188,1205,1212,1220,1248,1268,1304,1317,1330,1335,1344,1357.0,1370.0,1381.0,1395.0,1405.0,1415.0,1425.0,1434.0,1441.0,1445.0
nan,Somalia,5.1521,46.1996,0,0,0,0,0,0,0,0,0,0,0,0,0,0,0,0,0,0,0,0,0,0,0,0,0,0,0,0,0,0,0,0,0,0,0,0,0,0,0,0,0,0,0,0,0,0,0,0,0,0,0,0,0,0,1,1,1,1,1,1,1,1,1,1,2,3,3,3,3,5,5,5,7,7,7,7,8,12,12,21,21,25,60,60,80,80,116,135,164,237,286,328.0,373.0,413.0,462.0,506.0,554.0,605.0,652.0,705.0,758.0
nan,South Africa,-30.5595,22.9375,0,0,0,0,0,0,0,0,0,0,0,0,0,0,0,0,0,0,0,0,0,0,0,0,0,0,0,0,0,0,0,0,0,0,0,0,0,0,0,0,0,0,0,1,1,1,3,3,7,13,17,24,38,51,62,62,116,150,202,240,274,402,554,709,927,1170,1187,1280,1326,1353,1380,1462,1505,1585,1655,1686,1749,1845,1934,2003,2028,2173,2272,2415,2506,2605,2783,3034,3158,3300,3465,3599.0,3712.0,3808.0,3897.0,3989.0,4069.0,4150.0,4227.0,4301.0,4374.0
nan,Spain,40.0,-4.0,0,0,0,0,0,0,0,0,0,0,1,1,1,1,1,1,1,1,2,2,2,2,2,2,2,2,2,2,2,2,2,2,2,2,6,13,15,32,45,84,120,165,222,259,400,500,673,1073,1695,2277,2277,5232,6391,7798,9942,11748,13910,17963,20410,25374,28768,35136,39885,49515,57786,65719,73235,80110,87956,95923,104118,112065,119199,126168,131646,136675,141942,148220,153222,158273,163027,166831,170099,172541,177644,184948,190839,191726,198674,200210,204178,207585.0,211012.0,215645.0,220595.0,223092.0,225147.0,227760.0,229335.0,231651.0,234196.0
nan,Sri Lanka,7.0,81.0,0,0,0,0,0,1,1,1,1,1,1,1,1,1,1,1,1,1,1,1,1,1,1,1,1,1,1,1,1,1,1,1,1,1,1,1,1,1,1,1,1,1,1,1,1,1,1,1,1,2,2,6,10,18,28,44,51,60,73,77,82,97,102,102,106,106,113,117,122,143,146,151,159,166,176,178,185,189,190,190,198,210,217,233,238,238,244,254,271,304,310,318.0,325.0,330.0,334.0,337.0,339.0,340.0,341.0,342.0,343.0
nan,Sudan,12.8628,30.2176,0,0,0,0,0,0,0,0,0,0,0,0,0,0,0,0,0,0,0,0,0,0,0,0,0,0,0,0,0,0,0,0,0,0,0,0,0,0,0,0,0,0,0,0,0,0,0,0,0,0,0,1,1,1,1,1,2,2,2,2,2,2,3,3,3,3,5,6,6,7,7,8,10,10,12,12,14,14,15,17,19,19,29,32,32,32,33,66,66,107,107,117.0,129.0,135.0,146.0,154.0,164.0,173.0,179.0,184.0,187.0
nan,Suriname,3.9193,-56.0278,0,0,0,0,0,0,0,0,0,0,0,0,0,0,0,0,0,0,0,0,0,0,0,0,0,0,0,0,0,0,0,0,0,0,0,0,0,0,0,0,0,0,0,0,0,0,0,0,0,0,0,0,1,1,1,1,1,1,4,4,5,5,7,8,8,8,8,8,8,9,10,10,10,10,10,10,10,10,10,10,10,10,10,10,10,10,10,10,10,10,10,11.0,12.0,13.0,14.0,15.0,16.0,17.0,18.0,19.0,20.0
nan,Sweden,63.0,16.0,0,0,0,0,0,0,0,0,0,1,1,1,1,1,1,1,1,1,1,1,1,1,1,1,1,1,1,1,1,1,1,1,1,1,1,2,7,7,12,14,15,21,35,94,101,161,203,248,355,500,599,814,961,1022,1103,1190,1279,1439,1639,1763,1934,2046,2286,2526,2840,3069,3447,3700,4028,4435,4947,5568,6131,6443,6830,7206,7693,8419,9141,9685,10151,10483,10948,11445,11927,12540,13216,13822,14385,14777,15322,15833.0,16254.0,16793.0,17412.0,17990.0,18220.0,18619.0,18978.0,19400.0,20028.0
nan,Switzerland,46.8182,8.2275,0,0,0,0,0,0,0,0,0,0,0,0,0,0,0,0,0,0,0,0,0,0,0,0,0,0,0,0,0,0,0,0,0,0,1,1,8,8,18,27,42,56,90,114,214,268,337,374,491,652,652,1139,1359,2200,2200,2700,3028,4075,5294,6575,7474,8795,9877,10897,11811,12928,14076,14829,15922,16605,17768,18827,19606,20505,21100,21657,22253,23280,24051,24551,25107,25415,25688,25936,26336,26732,27078,27404,27740,27944,28063,28232.0,28359.0,28539.0,28733.0,28853.0,28944.0,29041.0,29129.0,29214.0,29314.0
nan,Taiwan*,23.7,121.0,1,1,3,3,4,5,8,8,9,10,10,10,10,11,11,16,16,17,18,18,18,18,18,18,18,20,22,22,23,24,26,26,28,30,31,32,32,34,39,40,41,42,42,44,45,45,45,45,47,48,49,50,53,59,67,77,100,108,135,153,169,195,215,235,252,267,283,298,306,322,329,339,348,355,363,373,376,379,380,382,385,388,393,393,395,395,395,398,420,422,425,426.0,427.0,428.0,429.0,430.0,431.0,432.0,433.0,434.0,435.0
nan,Tanzania,-6.369,34.8888,0,0,0,0,0,0,0,0,0,0,0,0,0,0,0,0,0,0,0,0,0,0,0,0,0,0,0,0,0,0,0,0,0,0,0,0,0,0,0,0,0,0,0,0,0,0,0,0,0,0,0,0,0,0,1,1,3,6,6,6,12,12,12,12,13,13,14,14,19,19,20,20,20,20,22,24,24,25,25,32,32,32,49,53,88,94,147,147,170,254,254,282.0,314.0,335.0,356.0,382.0,398.0,419.0,436.0,452.0,469.0
nan,Thailand,15.0,101.0,2,3,5,7,8,8,14,14,14,19,19,19,19,25,25,25,25,32,32,32,33,33,33,33,33,34,35,35,35,35,35,35,35,35,37,40,40,41,42,42,43,43,43,47,48,50,50,50,53,59,70,75,82,114,147,177,212,272,322,411,599,721,827,934,1045,1136,1245,1388,1524,1651,1771,1875,1978,2067,2169,2220,2258,2369,2423,2473,2518,2551,2579,2613,2643,2672,2700,2733,2765,2792,2811,2835.0,2857.0,2879.0,2901.0,2923.0,2945.0,2966.0,2987.0,3007.0,3026.0
nan,Togo,8.6195,0.8248,0,0,0,0,0,0,0,0,0,0,0,0,0,0,0,0,0,0,0,0,0,0,0,0,0,0,0,0,0,0,0,0,0,0,0,0,0,0,0,0,0,0,0,0,1,1,1,1,1,1,1,1,1,1,1,1,1,1,9,16,16,18,20,23,23,25,25,25,30,34,36,39,40,41,44,58,65,70,73,76,76,76,77,77,81,81,83,84,84,84,86,87.0,88.0,89.0,90.0,91.0,92.0,93.0,94.0,95.0,96.0
nan,Trinidad and Tobago,10.6918,-61.2225,0,0,0,0,0,0,0,0,0,0,0,0,0,0,0,0,0,0,0,0,0,0,0,0,0,0,0,0,0,0,0,0,0,0,0,0,0,0,0,0,0,0,0,0,0,0,0,0,0,0,0,0,2,2,4,5,7,9,9,49,50,51,57,60,65,66,74,78,82,87,90,94,98,103,104,105,107,107,109,109,112,113,113,113,114,114,114,114,114,114,115,116.0,117.0,118.0,119.0,120.0,121.0,122.0,123.0,124.0,125.0
nan,Tunisia,34.0,9.0,0,0,0,0,0,0,0,0,0,0,0,0,0,0,0,0,0,0,0,0,0,0,0,0,0,0,0,0,0,0,0,0,0,0,0,0,0,0,0,0,0,0,1,1,1,1,2,2,5,7,7,16,18,18,20,24,29,39,54,60,75,89,114,173,197,227,278,312,312,394,423,455,495,553,574,596,623,628,643,671,685,707,726,747,780,822,864,864,879,884,884,898.0,912.0,925.0,936.0,947.0,956.0,962.0,968.0,973.0,977.0
nan,Turkey,38.9637,35.2433,0,0,0,0,0,0,0,0,0,0,0,0,0,0,0,0,0,0,0,0,0,0,0,0,0,0,0,0,0,0,0,0,0,0,0,0,0,0,0,0,0,0,0,0,0,0,0,0,0,1,1,5,5,6,18,47,98,192,359,670,1236,1529,1872,2433,3629,5698,7402,9217,10827,13531,15679,18135,20921,23934,27069,30217,34109,38226,42282,47029,52167,56956,61049,65111,69392,74193,78546,82329,86306,90980,95591,99183.0,102319.0,105117.0,107822.0,110432.0,113094.0,115134.0,116948.0,118641.0,120121.0
nan,Uganda,1.0,32.0,0,0,0,0,0,0,0,0,0,0,0,0,0,0,0,0,0,0,0,0,0,0,0,0,0,0,0,0,0,0,0,0,0,0,0,0,0,0,0,0,0,0,0,0,0,0,0,0,0,0,0,0,0,0,0,0,0,0,0,1,1,9,9,14,14,23,30,33,33,44,44,45,48,48,52,52,52,53,53,53,53,54,54,55,55,55,56,55,55,56,61,62.0,63.0,64.0,65.0,66.0,67.0,68.0,69.0,70.0,71.0
nan,Ukraine,48.3794,31.1656,0,0,0,0,0,0,0,0,0,0,0,0,0,0,0,0,0,0,0,0,0,0,0,0,0,0,0,0,0,0,0,0,0,0,0,0,0,0,0,0,0,1,1,1,1,1,1,1,1,1,1,3,3,3,7,14,14,16,29,47,73,73,97,145,196,310,356,475,548,645,794,897,1072,1225,1308,1319,1462,1668,1892,2203,2511,2777,3102,3372,3764,4161,4662,5106,5449,5710,6125,6380.0,6640.0,6856.0,7030.0,7232.0,7413.0,7568.0,7734.0,7897.0,8040.0
nan,United Arab Emirates,24.0,54.0,0,0,0,0,0,0,0,4,4,4,4,5,5,5,5,5,5,7,7,8,8,8,8,8,8,9,9,9,9,9,9,13,13,13,13,13,13,19,21,21,21,27,27,29,29,45,45,45,74,74,85,85,85,98,98,98,113,140,140,153,153,198,248,333,333,405,468,570,611,664,814,1024,1264,1505,1799,2076,2359,2659,2990,3360,3736,4123,4521,4933,5365,5825,6302,6302,6781,7265,7755,8096.0,8541.0,8872.0,9280.0,9601.0,9998.0,10400.0,10794.0,11137.0,11521.0
Bermuda,United Kingdom,32.3078,-64.7505,0,0,0,0,0,0,0,0,0,0,0,0,0,0,0,0,0,0,0,0,0,0,0,0,0,0,0,0,0,0,0,0,0,0,0,0,0,0,0,0,0,0,0,0,0,0,0,0,0,0,0,0,0,0,0,0,0,2,2,2,6,6,6,7,15,17,17,22,27,32,32,35,35,35,37,39,39,39,48,48,48,57,57,57,81,81,83,83,86,86,86,87.0,88.0,89.0,90.0,91.0,92.0,93.0,94.0,95.0,96.0
Cayman Islands,United Kingdom,19.3133,-81.2546,0,0,0,0,0,0,0,0,0,0,0,0,0,0,0,0,0,0,0,0,0,0,0,0,0,0,0,0,0,0,0,0,0,0,0,0,0,0,0,0,0,0,0,0,0,0,0,0,0,0,0,1,1,1,1,1,1,3,3,3,3,5,6,8,8,8,8,8,12,14,22,28,28,35,35,39,45,45,45,45,45,53,53,54,54,60,61,61,61,66,66,67.0,68.0,69.0,70.0,71.0,72.0,73.0,74.0,75.0,76.0
Channel Islands,United Kingdom,49.3723,-2.3644,0,0,0,0,0,0,0,0,0,0,0,0,0,0,0,0,0,0,0,0,0,0,0,0,0,0,0,0,0,0,0,0,0,0,0,0,0,0,0,0,0,0,0,0,0,0,0,0,1,2,2,2,2,3,6,6,6,11,14,32,32,36,36,46,66,88,97,108,141,141,172,193,232,262,309,323,335,351,361,398,407,431,436,440,447,457,470,484,488,488,496,505.0,515.0,525.0,533.0,540.0,545.0,550.0,553.0,556.0,558.0
Gibraltar,United Kingdom,36.1408,-5.3536,0,0,0,0,0,0,0,0,0,0,0,0,0,0,0,0,0,0,0,0,0,0,0,0,0,0,0,0,0,0,0,0,0,0,0,0,0,0,0,0,0,0,1,1,1,1,1,1,1,1,1,1,1,1,1,3,8,10,10,10,15,15,15,26,35,55,56,65,69,69,81,88,95,98,103,109,113,120,123,127,129,129,129,129,131,131,132,132,132,132,132,133.0,134.0,135.0,136.0,137.0,138.0,139.0,140.0,141.0,142.0
Isle of Man,United Kingdom,54.2361,-4.5481,0,0,0,0,0,0,0,0,0,0,0,0,0,0,0,0,0,0,0,0,0,0,0,0,0,0,0,0,0,0,0,0,0,0,0,0,0,0,0,0,0,0,0,0,0,0,0,0,0,0,0,0,0,0,0,0,0,0,1,1,5,13,23,23,25,29,32,42,49,60,68,95,114,126,127,139,150,158,190,201,226,228,242,254,256,284,291,297,298,300,307,312.0,319.0,323.0,328.0,331.0,334.0,337.0,338.0,340.0,341.0
Montserrat,United Kingdom,16.7425,-62.1874,0,0,0,0,0,0,0,0,0,0,0,0,0,0,0,0,0,0,0,0,0,0,0,0,0,0,0,0,0,0,0,0,0,0,0,0,0,0,0,0,0,0,0,0,0,0,0,0,0,0,0,0,0,0,0,0,1,1,1,1,1,1,1,1,5,5,5,5,5,5,5,5,6,6,6,6,9,9,9,9,9,9,11,11,11,11,11,11,11,11,11,12.0,13.0,14.0,15.0,16.0,17.0,18.0,19.0,20.0,21.0
nan,United Kingdom,55.3781,-3.4360000000000004,0,0,0,0,0,0,0,0,0,2,2,2,2,2,2,2,3,3,3,8,8,9,9,9,9,9,9,9,9,9,9,9,9,13,13,13,15,20,23,36,40,51,85,115,163,206,273,321,382,456,456,798,1140,1140,1543,1950,2626,2689,3983,5018,5683,6650,8077,9529,11658,14543,17089,19522,22141,25150,29474,33718,38168,41903,47806,51608,55242,60733,65077,73758,78991,84279,88621,93873,98476,103093,108692,114217,120067,124743,129044,132523.0,136230.0,139725.0,143702.0,149170.0,152669.0,155441.0,157964.0,160784.0,163104.0
nan,Uruguay,-32.5228,-55.7658,0,0,0,0,0,0,0,0,0,0,0,0,0,0,0,0,0,0,0,0,0,0,0,0,0,0,0,0,0,0,0,0,0,0,0,0,0,0,0,0,0,0,0,0,0,0,0,0,0,0,0,0,4,4,8,29,50,79,94,110,158,162,162,189,217,238,274,304,310,338,338,350,369,400,400,406,424,424,456,473,494,480,480,483,492,502,502,508,517,535,535,538.0,541.0,542.0,543.0,544.0,545.0,546.0,547.0,548.0,549.0
nan,US,37.0902,-95.7129,1,1,2,2,5,5,5,5,5,7,8,8,11,11,11,11,11,11,11,11,12,12,13,13,13,13,13,13,13,13,15,15,15,51,51,57,58,60,68,74,98,118,149,217,262,402,518,583,959,1281,1663,2179,2727,3499,4632,6421,7783,13747,19273,25600,33276,43843,53736,65778,83836,101657,121465,140909,161831,188172,213372,243762,275586,308853,337072,366667,397505,429052,462780,496535,526396,555313,580619,607670,636350,667592,699706,732197,759086,784326,823786,851202.0,884968.0,914154.0,944622.0,969902.0,992910.0,1026613.0,1050760.0,1078305.0,1099234.0
nan,Uzbekistan,41.3775,64.5853,0,0,0,0,0,0,0,0,0,0,0,0,0,0,0,0,0,0,0,0,0,0,0,0,0,0,0,0,0,0,0,0,0,0,0,0,0,0,0,0,0,0,0,0,0,0,0,0,0,0,0,0,0,1,6,10,15,23,33,43,43,46,50,60,75,88,104,144,149,172,181,205,227,266,342,457,520,545,582,624,767,865,998,1165,1302,1349,1405,1490,1565,1627,1678,1738.0,1793.0,1844.0,1892.0,1940.0,1984.0,2027.0,2068.0,2109.0,2148.0
nan,Venezuela,6.4238,-66.5897,0,0,0,0,0,0,0,0,0,0,0,0,0,0,0,0,0,0,0,0,0,0,0,0,0,0,0,0,0,0,0,0,0,0,0,0,0,0,0,0,0,0,0,0,0,0,0,0,0,0,0,0,2,10,17,33,36,42,42,70,70,77,84,91,107,107,119,119,135,135,143,146,153,155,159,165,165,167,171,171,175,181,189,189,197,204,204,227,256,256,285,292.0,298.0,305.0,308.0,311.0,312.0,313.0,314.0,315.0,316.0
nan,Vietnam,16.0,108.0,0,2,2,2,2,2,2,2,2,2,6,6,8,8,8,10,10,13,13,14,15,15,16,16,16,16,16,16,16,16,16,16,16,16,16,16,16,16,16,16,16,16,16,16,16,18,30,30,31,38,39,47,53,56,61,66,75,85,91,94,113,123,134,141,153,163,174,188,203,212,218,233,237,240,241,245,249,251,255,257,258,262,265,266,267,268,268,268,268,268,268,269.0,270.0,271.0,272.0,273.0,274.0,275.0,276.0,277.0,278.0
nan,Zambia,-15.4167,28.2833,0,0,0,0,0,0,0,0,0,0,0,0,0,0,0,0,0,0,0,0,0,0,0,0,0,0,0,0,0,0,0,0,0,0,0,0,0,0,0,0,0,0,0,0,0,0,0,0,0,0,0,0,0,0,0,0,2,2,2,2,3,3,3,12,16,22,28,29,35,35,36,39,39,39,39,39,39,39,39,40,40,43,45,45,48,48,52,57,61,65,70,71.0,72.0,73.0,74.0,75.0,76.0,77.0,78.0,79.0,80.0
nan,Zimbabwe,-20.0,30.0,0,0,0,0,0,0,0,0,0,0,0,0,0,0,0,0,0,0,0,0,0,0,0,0,0,0,0,0,0,0,0,0,0,0,0,0,0,0,0,0,0,0,0,0,0,0,0,0,0,0,0,0,0,0,0,0,0,0,1,3,3,3,3,3,3,5,7,7,7,8,8,9,9,9,9,10,11,11,11,13,14,14,17,17,23,23,24,25,25,25,28,29.0,30.0,31.0,32.0,33.0,34.0,35.0,36.0,37.0,38.0
Diamond Princess,Canada,0.0,0.0,0,0,0,0,0,0,0,0,0,0,0,0,0,0,0,0,0,0,0,0,0,0,0,0,0,0,0,0,0,0,0,0,0,0,0,0,0,0,0,0,0,0,0,0,0,0,0,0,0,0,0,0,0,0,0,0,0,0,0,0,0,0,0,0,0,0,0,0,0,0,0,0,0,0,0,0,0,0,0,0,0,-1,-1,-1,-1,-1,-1,-1,-1,-1,-1,0,0,0,0,0,0,0,0,0,0
nan,Dominica,15.415,-61.371,0,0,0,0,0,0,0,0,0,0,0,0,0,0,0,0,0,0,0,0,0,0,0,0,0,0,0,0,0,0,0,0,0,0,0,0,0,0,0,0,0,0,0,0,0,0,0,0,0,0,0,0,0,0,0,0,0,0,0,0,1,2,2,7,11,11,11,11,11,12,12,12,12,14,14,15,15,15,15,16,16,16,16,16,16,16,16,16,16,16,16,17.0,18.0,19.0,20.0,21.0,22.0,23.0,24.0,25.0,26.0
nan,Grenada,12.1165,-61.679,0,0,0,0,0,0,0,0,0,0,0,0,0,0,0,0,0,0,0,0,0,0,0,0,0,0,0,0,0,0,0,0,0,0,0,0,0,0,0,0,0,0,0,0,0,0,0,0,0,0,0,0,0,0,0,0,0,0,0,0,1,1,1,1,7,7,7,9,9,9,9,10,12,12,12,12,12,12,12,14,14,14,14,14,14,14,14,14,14,14,14,15.0,16.0,17.0,18.0,19.0,20.0,21.0,22.0,23.0,24.0
nan,Mozambique,-18.665695,35.529562,0,0,0,0,0,0,0,0,0,0,0,0,0,0,0,0,0,0,0,0,0,0,0,0,0,0,0,0,0,0,0,0,0,0,0,0,0,0,0,0,0,0,0,0,0,0,0,0,0,0,0,0,0,0,0,0,0,0,0,0,1,1,3,5,7,7,8,8,8,8,10,10,10,10,10,10,10,17,17,20,20,21,21,28,29,31,34,35,39,39,39,40.0,41.0,42.0,43.0,44.0,45.0,46.0,47.0,48.0,49.0
nan,Syria,34.802075,38.99681500000001,0,0,0,0,0,0,0,0,0,0,0,0,0,0,0,0,0,0,0,0,0,0,0,0,0,0,0,0,0,0,0,0,0,0,0,0,0,0,0,0,0,0,0,0,0,0,0,0,0,0,0,0,0,0,0,0,0,0,0,0,1,1,1,5,5,5,5,9,10,10,10,16,16,16,19,19,19,19,19,19,25,25,25,29,33,33,38,38,39,39,42,43.0,44.0,45.0,46.0,47.0,48.0,49.0,50.0,51.0,52.0
nan,Timor-Leste,-8.874217,125.727539,0,0,0,0,0,0,0,0,0,0,0,0,0,0,0,0,0,0,0,0,0,0,0,0,0,0,0,0,0,0,0,0,0,0,0,0,0,0,0,0,0,0,0,0,0,0,0,0,0,0,0,0,0,0,0,0,0,0,0,0,1,1,1,1,1,1,1,1,1,1,1,1,1,1,1,1,1,1,1,2,2,2,4,6,8,18,18,18,19,22,23,24.0,25.0,26.0,27.0,28.0,29.0,30.0,31.0,32.0,33.0
nan,Belize,13.1939,-59.5432,0,0,0,0,0,0,0,0,0,0,0,0,0,0,0,0,0,0,0,0,0,0,0,0,0,0,0,0,0,0,0,0,0,0,0,0,0,0,0,0,0,0,0,0,0,0,0,0,0,0,0,0,0,0,0,0,0,0,0,0,0,1,1,2,2,2,2,2,3,3,3,3,4,4,5,7,7,8,9,10,13,14,18,18,18,18,18,18,18,18,18,19.0,20.0,21.0,22.0,23.0,24.0,25.0,26.0,27.0,28.0
Recovered,Canada,0.0,0.0,0,0,0,0,0,0,0,0,0,0,0,0,0,0,0,0,0,0,0,0,0,0,0,0,0,0,0,0,0,0,0,0,0,0,0,0,0,0,0,0,0,0,0,0,0,0,0,0,0,0,0,0,0,0,0,0,0,0,0,0,0,0,0,0,0,0,0,0,0,0,0,0,0,0,0,0,0,0,0,0,0,0,0,0,0,0,0,0,0,0,0,0,0,0,0,0,0,0,0,0,0
nan,Laos,19.85627,102.495496,0,0,0,0,0,0,0,0,0,0,0,0,0,0,0,0,0,0,0,0,0,0,0,0,0,0,0,0,0,0,0,0,0,0,0,0,0,0,0,0,0,0,0,0,0,0,0,0,0,0,0,0,0,0,0,0,0,0,0,0,0,0,2,3,6,6,8,8,8,9,10,10,10,10,11,12,14,15,16,16,18,19,19,19,19,19,19,19,19,19,19,20.0,21.0,22.0,23.0,24.0,25.0,26.0,27.0,28.0,29.0
nan,Libya,26.3351,17.228331,0,0,0,0,0,0,0,0,0,0,0,0,0,0,0,0,0,0,0,0,0,0,0,0,0,0,0,0,0,0,0,0,0,0,0,0,0,0,0,0,0,0,0,0,0,0,0,0,0,0,0,0,0,0,0,0,0,0,0,0,0,0,1,1,1,1,3,8,8,10,10,11,11,18,18,19,20,21,24,24,24,25,26,35,48,49,49,49,51,51,51,52.0,53.0,54.0,55.0,56.0,57.0,58.0,59.0,60.0,61.0
nan,West Bank and Gaza,31.9522,35.2332,0,0,0,0,0,0,0,0,0,0,0,0,0,0,0,0,0,0,0,0,0,0,0,0,0,0,0,0,0,0,0,0,0,0,0,0,0,0,0,0,0,0,0,4,7,16,16,19,26,30,30,31,35,38,38,39,41,44,47,48,52,59,59,59,84,91,98,109,116,119,134,161,194,217,237,254,261,263,263,267,268,290,308,308,374,374,402,418,437,449,466,0,0,0,0,0,0,0,0,0,0
nan,Guinea-Bissau,11.8037,-15.1804,0,0,0,0,0,0,0,0,0,0,0,0,0,0,0,0,0,0,0,0,0,0,0,0,0,0,0,0,0,0,0,0,0,0,0,0,0,0,0,0,0,0,0,0,0,0,0,0,0,0,0,0,0,0,0,0,0,0,0,0,0,0,0,2,2,2,2,2,8,8,9,9,15,18,18,18,33,33,36,36,38,38,38,38,43,43,43,46,50,50,50,51.0,52.0,53.0,54.0,55.0,56.0,57.0,58.0,59.0,60.0
nan,Mali,17.570692,-3.996166000000001,0,0,0,0,0,0,0,0,0,0,0,0,0,0,0,0,0,0,0,0,0,0,0,0,0,0,0,0,0,0,0,0,0,0,0,0,0,0,0,0,0,0,0,0,0,0,0,0,0,0,0,0,0,0,0,0,0,0,0,0,0,0,0,2,4,11,18,18,25,28,31,36,39,41,45,47,56,59,74,87,87,105,123,144,148,171,171,216,224,246,258,272.0,286.0,299.0,313.0,326.0,339.0,351.0,362.0,372.0,381.0
nan,Saint Kitts and Nevis,17.357822,-62.782998,0,0,0,0,0,0,0,0,0,0,0,0,0,0,0,0,0,0,0,0,0,0,0,0,0,0,0,0,0,0,0,0,0,0,0,0,0,0,0,0,0,0,0,0,0,0,0,0,0,0,0,0,0,0,0,0,0,0,0,0,0,0,0,2,2,2,2,2,7,8,8,9,9,9,10,10,11,11,11,12,12,12,12,14,14,14,14,14,14,15,15,0,0,0,0,0,0,0,0,0,0
Northwest Territories,Canada,64.8255,-124.8457,0,0,0,0,0,0,0,0,0,0,0,0,0,0,0,0,0,0,0,0,0,0,0,0,0,0,0,0,0,0,0,0,0,0,0,0,0,0,0,0,0,0,0,0,0,0,0,0,0,0,0,0,0,0,0,0,0,0,0,0,0,0,0,0,1,1,1,1,1,1,2,2,2,4,4,5,5,5,5,5,5,5,5,5,5,5,5,5,5,5,5,6.0,7.0,8.0,9.0,10.0,11.0,12.0,13.0,14.0,15.0
Yukon,Canada,64.2823,-135.0,0,0,0,0,0,0,0,0,0,0,0,0,0,0,0,0,0,0,0,0,0,0,0,0,0,0,0,0,0,0,0,0,0,0,0,0,0,0,0,0,0,0,0,0,0,0,0,0,0,0,0,0,0,0,0,0,0,0,0,0,0,0,0,0,3,3,4,4,4,5,5,6,6,6,6,6,7,7,7,8,8,8,8,8,8,8,8,9,9,11,11,12.0,13.0,14.0,15.0,16.0,17.0,18.0,19.0,20.0,21.0
nan,Kosovo,42.602636,20.902977,0,0,0,0,0,0,0,0,0,0,0,0,0,0,0,0,0,0,0,0,0,0,0,0,0,0,0,0,0,0,0,0,0,0,0,0,0,0,0,0,0,0,0,0,0,0,0,0,0,0,0,0,0,0,0,0,0,0,0,0,0,0,0,0,71,86,91,94,94,112,125,125,126,135,145,145,170,184,184,250,283,283,283,387,387,449,480,510,510,510,510,0,0,0,0,0,0,0,0,0,0
nan,Burma,21.9162,95.956,0,0,0,0,0,0,0,0,0,0,0,0,0,0,0,0,0,0,0,0,0,0,0,0,0,0,0,0,0,0,0,0,0,0,0,0,0,0,0,0,0,0,0,0,0,0,0,0,0,0,0,0,0,0,0,0,0,0,0,0,0,0,0,0,0,8,8,10,14,15,15,20,20,21,21,22,22,22,23,27,38,41,62,63,74,85,88,98,111,119,121,0,0,0,0,0,0,0,0,0,0
Anguilla,United Kingdom,18.2206,-63.0686,0,0,0,0,0,0,0,0,0,0,0,0,0,0,0,0,0,0,0,0,0,0,0,0,0,0,0,0,0,0,0,0,0,0,0,0,0,0,0,0,0,0,0,0,0,0,0,0,0,0,0,0,0,0,0,0,0,0,0,0,0,0,0,0,0,0,2,2,2,2,2,3,3,3,3,3,3,3,3,3,3,3,3,3,3,3,3,3,3,3,3,0,0,0,0,0,0,0,0,0,0
British Virgin Islands,United Kingdom,18.4207,-64.64,0,0,0,0,0,0,0,0,0,0,0,0,0,0,0,0,0,0,0,0,0,0,0,0,0,0,0,0,0,0,0,0,0,0,0,0,0,0,0,0,0,0,0,0,0,0,0,0,0,0,0,0,0,0,0,0,0,0,0,0,0,0,0,0,0,0,2,2,2,3,3,3,3,3,3,3,3,3,3,3,3,3,3,3,3,3,4,4,4,5,5,0,0,0,0,0,0,0,0,0,0
Turks and Caicos Islands,United Kingdom,21.69400000000001,-71.7979,0,0,0,0,0,0,0,0,0,0,0,0,0,0,0,0,0,0,0,0,0,0,0,0,0,0,0,0,0,0,0,0,0,0,0,0,0,0,0,0,0,0,0,0,0,0,0,0,0,0,0,0,0,0,0,0,0,0,0,0,0,0,0,0,0,0,4,4,5,5,6,5,5,5,5,8,8,8,8,8,8,9,10,10,10,11,11,11,11,11,11,12.0,13.0,14.0,15.0,16.0,17.0,18.0,19.0,20.0,21.0
nan,MS Zaandam,0.0,0.0,0,0,0,0,0,0,0,0,0,0,0,0,0,0,0,0,0,0,0,0,0,0,0,0,0,0,0,0,0,0,0,0,0,0,0,0,0,0,0,0,0,0,0,0,0,0,0,0,0,0,0,0,0,0,0,0,0,0,0,0,0,0,0,0,0,0,2,2,2,2,9,9,9,9,9,9,9,9,9,9,9,9,9,9,9,9,9,9,9,9,9,0,0,0,0,0,0,0,0,0,0
nan,Botswana,-22.3285,24.6849,0,0,0,0,0,0,0,0,0,0,0,0,0,0,0,0,0,0,0,0,0,0,0,0,0,0,0,0,0,0,0,0,0,0,0,0,0,0,0,0,0,0,0,0,0,0,0,0,0,0,0,0,0,0,0,0,0,0,0,0,0,0,0,0,0,0,0,0,3,4,4,4,4,4,6,6,6,6,13,13,13,13,13,13,13,15,15,15,20,20,20,21.0,22.0,23.0,24.0,25.0,26.0,27.0,28.0,29.0,30.0
nan,Burundi,-3.3731,29.9189,0,0,0,0,0,0,0,0,0,0,0,0,0,0,0,0,0,0,0,0,0,0,0,0,0,0,0,0,0,0,0,0,0,0,0,0,0,0,0,0,0,0,0,0,0,0,0,0,0,0,0,0,0,0,0,0,0,0,0,0,0,0,0,0,0,0,0,0,0,2,2,3,3,3,3,3,3,3,3,3,5,5,5,5,5,5,5,5,5,5,5,0,0,0,0,0,0,0,0,0,0
nan,Sierra Leone,8.460555000000001,-11.779889,0,0,0,0,0,0,0,0,0,0,0,0,0,0,0,0,0,0,0,0,0,0,0,0,0,0,0,0,0,0,0,0,0,0,0,0,0,0,0,0,0,0,0,0,0,0,0,0,0,0,0,0,0,0,0,0,0,0,0,0,0,0,0,0,0,0,0,0,0,1,2,2,2,4,6,6,6,7,7,8,8,10,10,11,13,15,26,30,35,43,50,53.0,56.0,58.0,59.0,60.0,61.0,62.0,63.0,64.0,65.0
"Bonaire, Sint Eustatius and Saba",Netherlands,12.1784,-68.2385,0,0,0,0,0,0,0,0,0,0,0,0,0,0,0,0,0,0,0,0,0,0,0,0,0,0,0,0,0,0,0,0,0,0,0,0,0,0,0,0,0,0,0,0,0,0,0,0,0,0,0,0,0,0,0,0,0,0,0,0,0,0,0,0,0,0,0,0,0,0,0,2,2,2,2,2,2,2,2,2,2,3,3,3,3,3,3,3,5,5,5,0,0,0,0,0,0,0,0,0,0
nan,Malawi,-13.254307999999998,34.301525,0,0,0,0,0,0,0,0,0,0,0,0,0,0,0,0,0,0,0,0,0,0,0,0,0,0,0,0,0,0,0,0,0,0,0,0,0,0,0,0,0,0,0,0,0,0,0,0,0,0,0,0,0,0,0,0,0,0,0,0,0,0,0,0,0,0,0,0,0,0,0,3,3,4,4,5,8,8,8,9,12,13,16,16,16,16,17,17,17,17,18,19.0,20.0,21.0,22.0,23.0,24.0,25.0,26.0,27.0,28.0
Falkland Islands (Malvinas),United Kingdom,-51.7963,-59.5236,0,0,0,0,0,0,0,0,0,0,0,0,0,0,0,0,0,0,0,0,0,0,0,0,0,0,0,0,0,0,0,0,0,0,0,0,0,0,0,0,0,0,0,0,0,0,0,0,0,0,0,0,0,0,0,0,0,0,0,0,0,0,0,0,0,0,0,0,0,0,0,0,0,1,2,2,2,5,5,5,5,5,5,11,11,11,11,11,11,11,11,12.0,13.0,14.0,15.0,16.0,17.0,18.0,19.0,20.0,21.0
Saint Pierre and Miquelon,France,46.8852,-56.3159,0,0,0,0,0,0,0,0,0,0,0,0,0,0,0,0,0,0,0,0,0,0,0,0,0,0,0,0,0,0,0,0,0,0,0,0,0,0,0,0,0,0,0,0,0,0,0,0,0,0,0,0,0,0,0,0,0,0,0,0,0,0,0,0,0,0,0,0,0,0,0,0,0,0,1,1,1,1,1,1,1,1,1,1,1,1,1,1,1,1,1,0,0,0,0,0,0,0,0,0,0
nan,South Sudan,6.877000000000002,31.307,0,0,0,0,0,0,0,0,0,0,0,0,0,0,0,0,0,0,0,0,0,0,0,0,0,0,0,0,0,0,0,0,0,0,0,0,0,0,0,0,0,0,0,0,0,0,0,0,0,0,0,0,0,0,0,0,0,0,0,0,0,0,0,0,0,0,0,0,0,0,0,0,0,0,1,1,2,2,3,4,4,4,4,4,4,4,4,4,4,4,4,0,0,0,0,0,0,0,0,0,0
nan,Western Sahara,24.2155,-12.8858,0,0,0,0,0,0,0,0,0,0,0,0,0,0,0,0,0,0,0,0,0,0,0,0,0,0,0,0,0,0,0,0,0,0,0,0,0,0,0,0,0,0,0,0,0,0,0,0,0,0,0,0,0,0,0,0,0,0,0,0,0,0,0,0,0,0,0,0,0,0,0,0,0,0,4,4,4,4,4,4,4,6,6,6,6,6,6,6,6,6,6,0,0,0,0,0,0,0,0,0,0
nan,Sao Tome and Principe,0.18636,6.613081,0,0,0,0,0,0,0,0,0,0,0,0,0,0,0,0,0,0,0,0,0,0,0,0,0,0,0,0,0,0,0,0,0,0,0,0,0,0,0,0,0,0,0,0,0,0,0,0,0,0,0,0,0,0,0,0,0,0,0,0,0,0,0,0,0,0,0,0,0,0,0,0,0,0,0,4,4,4,4,4,4,4,4,4,4,4,4,4,4,4,4,0,0,0,0,0,0,0,0,0,0
nan,Yemen,15.552727,48.516388,0,0,0,0,0,0,0,0,0,0,0,0,0,0,0,0,0,0,0,0,0,0,0,0,0,0,0,0,0,0,0,0,0,0,0,0,0,0,0,0,0,0,0,0,0,0,0,0,0,0,0,0,0,0,0,0,0,0,0,0,0,0,0,0,0,0,0,0,0,0,0,0,0,0,0,0,0,0,0,1,1,1,1,1,1,1,1,1,1,1,1,0,0,0,0,0,0,0,0,0,0
