new_cases,new_deaths
0.0,0.0
0.0,0.0
0.002,0.0
0.0,0.0
0.016,0.01
0.0,0.0
0.034,0.0
0.01,0.01
0.01,0.02
0.016,0.0
0.0,0.0
0.01,0.0
0.05,0.0
0.004,0.0
0.063,0.0
0.036,0.02
0.004,0.0
0.009,0.0
0.004,0.0
0.004,0.01
0.005,0.0
0.006,0.0
0.006,0.0
0.013,0.0
0.015,0.02
0.019,0.01
0.023,0.0
0.028,0.01
0.012,0.02
0.011,0.02
0.015,0.0
0.011,0.01
0.02,0.04
0.016,0.0
0.018,0.01
0.0,0.0
0.0,0.0
0.004,0.01
0.002,0.01
0.011,0.01
0.011,0.01
0.006,0.0
0.006,0.0
0.014,0.03
0.013,0.02
0.003,0.02
0.049,0.04
0.062,0.02
0.029,0.0
0.034,0.02
0.038,0.02
0.065,0.04
0.042,0.01
0.045,0.03
0.057,0.02
0.073,0.04
0.132,0.09
0.131,0.14
0.139,0.28
0.022,0.0
0.013,0.0
0.025,0.01
0.02,0.0
0.031,0.0
0.024,0.0
0.036,0.02
0.043,0.0
0.041,0.0
0.026,0.03
0.036,0.02
0.006,0.04
0.014,0.02
0.038,0.01
0.003,0.0
0.011,0.0
0.011,0.0
0.012,0.0
0.011,0.0
0.018,0.01
0.031,0.0
0.03,0.01
0.108,0.0
0.035,0.0
0.086,0.02
0.0,0.02
0.115,0.01
0.087,0.04
0.101,0.05
0.055,0.01
0.075,0.04
0.234,0.04
0.0,0.01
0.079,0.08
0.026,0.0
0.006,0.0
0.031,0.0
0.021,0.0
0.024,0.0
0.034,0.0
0.041,0.0
0.014,0.0
0.016,0.0
0.025,0.01
0.039,0.0
0.078,0.0
0.017,0.02
0.058,0.0
0.05,0.0
0.039,0.01
0.092,0.03
0.0,0.0
0.014,0.0
0.009,0.0
0.009,0.0
0.006,0.0
0.001,0.01
0.002,0.0
0.004,0.0
0.003,0.0
0.0,0.0
0.0,0.0
0.0,0.0
0.0,0.0
0.0,0.0
0.0,0.0
0.0,0.0
0.0,0.0
0.0,0.0
0.002,0.0
0.0,0.0
0.007,0.0
0.009,0.01
0.0,0.0
0.004,0.0
0.002,0.0
0.01,0.01
0.01,0.0
0.007,0.0
0.01,0.0
0.0,0.0
0.027,0.0
0.02,0.0
0.022,0.0
0.037,0.0
0.039,0.02
0.057,0.01
0.04,0.0
0.046,0.01
0.083,0.0
0.233,0.0
0.0,0.0
0.149,0.01
0.211,0.0
0.19,0.0
0.186,0.0
0.212,0.01
0.174,0.0
0.241,0.0
0.0,0.0
0.15,0.01
0.116,0.01
0.002,0.0
0.002,0.0
0.002,0.0
0.0,0.0
0.0,0.0
0.0,0.0
0.0,0.0
0.0,0.0
0.0,0.0
0.004,0.0
0.0,0.0
0.0,0.0
0.002,0.0
0.0,0.0
0.002,0.0
0.0,0.0
0.0,0.0
0.002,0.0
0.0,0.0
0.003,0.0
0.002,0.0
0.0,0.0
0.015,0.0
0.011,0.0
0.015,0.0
0.007,0.0
0.01,0.0
0.016,0.0
0.05,0.0
0.04,0.0
0.037,0.0
0.038,0.0
0.06,0.0
0.078,0.0
0.046,0.0
0.05,0.01
0.062,0.0
0.07,0.0
0.031,0.01
0.033,0.0
0.054,0.0
0.038,0.0
0.054,0.02
0.0,0.0
0.002,0.0
0.0,0.0
0.007,0.0
0.003,0.0
0.001,0.0
0.009,0.0
0.0,0.0
0.008,0.0
0.005,0.0
0.008,0.0
0.017,0.0
0.033,0.0
0.034,0.0
0.036,0.0
0.0,0.0
0.065,0.0
0.022,0.0
0.03,0.0
0.012,0.0
0.006,0.0
0.032,0.0
0.03,0.0
0.0,0.0
0.006,0.0
0.0,0.0
0.008,0.0
0.011,0.0
0.0,0.0
0.015,0.0
0.004,0.0
0.0,0.0
0.003,0.01
0.0,0.01
0.003,0.0
0.0,0.0
0.0,0.0
0.0,0.0
0.0,0.0
0.0,0.0
0.003,0.0
0.0,0.0
0.002,0.0
0.0,0.0
0.001,0.0
0.0,0.0
0.0,0.0
0.001,0.0
0.0,0.0
0.004,0.0
0.003,0.0
0.003,0.0
0.0,0.0
0.015,0.0
0.013,0.0
0.008,0.0
0.014,0.0
0.023,0.0
0.027,0.0
0.0,0.0
0.0,0.0
0.108,0.0
0.126,0.0
0.0,0.0
0.056,0.0
0.055,0.0
0.054,0.03
0.054,0.0
0.111,0.0
0.084,0.01
0.052,0.0
0.096,0.0
0.051,0.0
0.068,0.01
0.003,0.0
0.004,0.0
0.017,0.0
0.012,0.0
0.026,0.0
0.03,0.0
0.02,0.0
0.035,0.0
0.0,0.0
0.056,0.01
0.0,0.0
0.047,0.0
0.033,0.0
0.044,0.0
0.009,0.0
0.028,0.0
0.008,0.0
0.012,0.0
0.014,0.0
0.024,0.0
0.025,0.0
0.027,0.0
0.051,0.0
0.064,0.0
0.056,0.01
0.202,0.0
0.151,0.0
0.205,0.0
0.158,0.02
0.314,0.0
0.314,0.01
0.367,0.02
0.375,0.0
0.426,0.02
0.768,0.08
0.892,0.05
0.809,0.07
0.305,0.02
1.321,0.19
0.748,0.09
0.614,0.1
0.517,0.18
0.83,0.22
0.562,0.2
0.531,0.18
0.418,0.12
0.008,0.0
0.005,0.0
0.0,0.0
0.0,0.0
0.016,0.0
0.0,0.0
0.009,0.0
0.012,0.0
0.007,0.0
0.015,0.0
0.006,0.01
0.029,0.01
0.043,0.0
0.017,0.01
0.027,0.0
0.064,0.0
0.025,0.01
0.061,0.0
0.041,0.0
0.003,0.0
0.005,0.0
0.006,0.0
0.002,0.0
0.0,0.0
0.003,0.0
0.003,0.0
0.005,0.0
0.025,0.0
0.0,0.0
0.01,0.0
0.015,0.0
0.085,0.0
0.0,0.0
0.0,0.0
0.015,0.0
0.004,0.0
0.0,0.01
0.014,0.0
0.028,0.0
0.022,0.0
0.007,0.0
0.02,0.0
0.029,0.01
0.043,0.0
0.015,0.01
0.027,0.01
0.039,0.0
0.008,0.0
0.01,0.0
0.023,0.0
0.016,0.0
0.052,0.0
0.002,0.0
0.074,0.0
0.002,0.0
0.006,0.01
0.006,0.01
0.0,0.01
0.005,0.0
0.004,0.0
0.0,0.0
0.0,0.0
0.001,0.0
0.002,0.0
0.003,0.01
0.002,0.0
0.006,0.0
0.002,0.0
0.007,0.0
0.0,0.0
0.001,0.0
0.0,0.0
0.012,0.0
0.0,0.0
0.009,0.0
0.0,0.0
0.015,0.0
0.0,0.0
0.018,0.0
0.007,0.0
0.0,0.0
0.005,0.0
0.0,0.0
0.005,0.0
0.0,0.0
0.008,0.0
0.0,0.0
0.0,0.0
0.058,0.0
0.0,0.01
0.011,0.01
0.141,0.02
0.059,0.0
0.06,0.0
0.031,0.0
0.039,0.0
0.028,0.0
0.047,0.03
0.0,0.0
0.245,0.0
0.13,0.01
0.197,0.0
0.172,0.01
0.185,0.05
0.243,0.04
0.309,0.07
0.462,0.16
0.558,0.3
0.586,0.08
0.342,0.13
0.526,0.34
0.668,0.56
1.298,0.42
1.049,0.69
1.85,0.64
1.702,0.78
1.063,0.82
0.876,1.92
1.189,1.23
1.384,1.83
0.005,0.0
0.003,0.0
0.002,0.0
0.003,0.0
0.011,0.0
0.018,0.0
0.013,0.0
0.007,0.01
0.016,0.03
0.01,0.02
0.008,0.01
0.008,0.01
0.001,0.0
0.012,0.0
0.025,0.0
0.026,0.0
0.004,0.01
0.033,0.0
0.01,0.0
0.03,0.02
0.01,0.0
0.015,0.0
0.046,0.01
0.021,0.01
0.065,0.01
0.045,0.04
0.052,0.03
0.039,0.0
0.074,0.03
0.007,0.0
0.014,0.0
0.099,0.0
0.0,0.0
0.011,0.0
0.038,0.0
0.121,0.01
0.051,0.02
0.249,0.03
0.172,0.05
0.228,0.04
0.525,0.1
0.378,0.09
0.323,0.12
0.307,0.13
0.431,0.18
0.432,0.15
0.487,0.19
0.352,0.25
0.323,0.23
1.138,0.42
1.119,0.39
1.208,0.84
0.01,0.0
0.004,0.0
0.002,0.0
0.012,0.0
0.007,0.0
0.003,0.0
0.005,0.0
0.005,0.0
0.003,0.0
0.013,0.0
0.005,0.0
0.005,0.0
0.001,0.0
0.005,0.01
0.006,0.0
0.001,0.0
0.002,0.0
0.002,0.0
0.002,0.0
0.001,0.0
0.015,0.0
0.025,0.0
0.002,0.01
0.033,0.0
0.036,0.0
0.024,0.0
0.014,0.0
0.017,0.0
0.024,0.0
0.022,0.0
0.029,0.0
0.038,0.04
0.015,0.01
0.013,0.0
0.04,0.0
0.023,0.02
0.035,0.0
0.024,0.01
0.011,0.02
0.024,0.0
0.015,0.0
0.032,0.0
0.006,0.03
0.028,0.02
0.027,0.02
0.015,0.01
0.024,0.0
0.015,0.02
0.021,0.02
0.006,0.0
0.002,0.0
0.002,0.0
0.014,0.0
0.002,0.0
0.031,0.0
0.003,0.0
0.004,0.0
0.005,0.0
0.0,0.0
0.003,0.0
0.0,0.0
0.004,0.0
0.004,0.0
0.002,0.0
0.0,0.0
0.001,0.0
0.013,0.0
0.016,0.0
0.01,0.0
0.009,0.01
0.0,0.0
0.016,0.01
0.0,0.0
0.048,0.04
0.0,0.0
0.054,0.0
0.04,0.0
0.073,0.01
0.01,0.0
0.017,0.0
0.018,0.0
0.023,0.0
0.022,0.0
0.027,0.01
0.049,0.0
0.064,0.0
0.042,0.0
0.058,0.0
-0.001,0.01
0.128,0.0
0.056,0.0
0.0,0.0
0.079,0.0
0.04,0.01
0.029,0.05
0.064,0.01
0.215,0.04
0.0,0.0
0.0,0.0
0.0,0.0
0.001,0.0
0.0,0.0
0.0,0.0
0.001,0.0
0.003,0.0
0.001,0.0
0.008,0.0
0.0,0.0
0.006,0.0
0.005,0.01
0.0,0.0
0.007,0.0
0.007,0.0
0.018,0.0
0.0,0.0
0.009,0.0
0.03,0.03
0.0,0.0
0.083,0.03
0.045,0.0
0.04,0.01
0.153,0.02
0.0,0.0
0.048,0.03
0.145,0.0
0.0,0.0
0.108,0.01
0.0,0.0
0.159,0.03
0.0,0.0
0.086,0.02
0.043,0.05
0.0,0.0
0.108,0.07
0.0,0.0
0.0,0.0
0.0,0.0
0.0,0.0
0.0,0.0
0.0,0.0
0.0,0.0
0.0,0.0
0.0,0.0
0.001,0.0
0.014,0.0
0.001,0.0
0.003,0.01
0.025,0.0
0.008,0.0
0.024,0.0
0.007,0.0
0.024,0.0
0.04,0.0
0.001,0.0
0.0,0.0
0.015,0.0
0.012,0.0
0.006,0.0
0.015,0.0
0.002,0.0
0.002,0.0
0.011,0.0
0.01,0.0
0.047,0.0
0.02,0.0
0.018,0.0
0.015,0.0
0.013,0.01
0.004,0.0
0.023,0.0
0.008,0.0
0.013,0.0
0.01,0.0
0.017,0.0
0.005,0.0
0.017,0.0
0.02,0.0
0.012,0.0
0.005,0.0
0.02,0.0
0.026,0.0
0.02,0.0
0.005,0.0
0.004,0.0
0.003,0.0
0.002,0.0
0.0,0.0
0.002,0.0
0.003,0.0
0.003,0.0
0.001,0.0
0.005,0.0
0.002,0.0
0.005,0.0
0.001,0.0
0.032,0.0
0.005,0.0
0.025,0.0
0.073,0.0
0.008,0.01
0.036,0.0
0.036,0.0
0.051,0.01
0.069,0.01
0.048,0.02
0.078,0.01
0.085,0.01
0.1,0.01
0.17,0.05
0.136,0.05
0.15,0.0
0.211,0.03
0.351,0.1
0.26,0.02
0.426,0.04
0.401,0.16
0.001,0.0
0.026,0.0
0.024,0.0
0.02,0.0
0.027,0.01
0.018,0.0
0.042,0.04
0.038,-0.01
0.409,0.0
0.385,0.0
0.329,0.02
0.29,0.02
0.392,0.1
0.474,0.04
0.342,0.0
0.59,0.0
0.732,0.09
0.449,0.02
0.907,0.03
0.014,0.0
0.006,0.0
0.0,0.0
0.023,0.0
0.0,0.0
0.039,0.0
0.022,0.0
0.0,0.02
0.028,0.0
0.009,0.01
0.013,0.0
0.018,0.0
0.013,0.0
0.081,0.0
0.046,0.0
0.037,0.0
0.0,0.0
0.196,0.0
0.103,0.0
0.095,0.01
0.114,0.01
0.176,0.0
0.22,0.01
0.164,0.01
0.304,0.01
0.299,0.01
0.23,0.01
0.31,0.01
0.289,0.04
0.293,0.04
0.373,0.02
0.036,0.0
0.046,0.0
0.048,0.0
0.037,0.0
0.06,0.0
0.043,0.0
0.068,0.0
0.072,0.0
0.05,0.0
0.061,0.0
0.074,0.0
0.068,0.0
0.046,0.01
0.051,0.02
0.03,0.01
0.029,0.0
0.021,0.01
0.024,0.01
0.016,0.0
0.012,0.0
0.011,0.0
0.009,0.0
0.004,0.0
0.001,0.0
0.001,0.0
0.001,0.0
0.0,0.0
0.0,0.0
0.0,0.0
0.0,0.0
0.0,0.0
0.001,0.0
0.0,0.0
0.0,0.0
0.0,0.0
0.0,0.0
0.0,0.0
0.0,0.0
0.0,0.0
0.0,0.0
0.0,0.0
0.0,0.0
0.0,0.0
0.0,0.0
0.0,0.0
0.0,0.0
0.0,0.0
0.0,0.0
0.0,0.0
0.0,0.0
0.0,0.0
0.0,0.0
0.0,0.0
0.0,0.0
0.0,0.0
0.0,0.0
0.0,0.0
0.0,0.0
0.0,0.0
0.0,0.0
0.0,0.0
0.0,0.0
0.0,0.0
0.0,0.0
0.0,0.0
0.0,0.0
0.011,0.0
0.02,0.0
0.003,0.0
0.025,0.0
0.029,0.0
0.023,0.0
0.021,0.0
0.016,0.0
0.025,0.0
0.021,0.0
0.023,0.0
0.018,0.01
0.011,0.0
0.011,0.0
0.005,0.01
0.01,0.0
0.014,0.0
0.006,0.0
0.003,0.01
0.005,0.0
0.001,0.0
0.006,0.0
0.006,0.0
0.002,0.0
0.001,0.0
0.003,0.0
0.0,0.0
0.0,0.0
0.001,0.0
0.0,0.0
0.01,0.01
0.0,0.02
0.001,0.01
0.002,0.0
0.001,0.0
0.0,0.0
0.004,0.0
0.0,0.0
0.004,0.0
0.004,0.0
0.002,0.0
0.0,0.0
0.001,0.0
0.006,0.0
0.0,0.0
0.001,0.0
0.001,0.0
0.005,0.0
0.01,0.0
0.004,0.0
0.013,0.0
0.011,0.0
0.011,0.0
0.013,0.0
0.018,0.0
0.015,0.0
0.021,0.0
0.003,0.0
0.005,0.0
0.003,0.0
0.004,0.0
0.004,0.0
0.0,0.0
0.003,0.0
0.0,0.0
0.002,0.0
0.022,0.0
0.015,0.0
0.035,0.0
0.029,0.0
0.036,0.01
0.053,0.01
0.037,0.0
0.029,0.0
0.023,0.0
0.022,0.0
0.015,0.0
0.002,0.0
0.04,0.0
0.018,0.0
0.019,0.01
0.013,0.0
0.011,0.01
0.008,0.01
0.007,0.0
0.007,0.0
0.002,0.0
0.002,0.0
0.005,0.0
0.007,0.01
0.005,0.0
0.001,0.0
0.002,0.0
0.001,0.0
0.0,0.0
0.0,0.0
0.0,0.0
0.0,0.0
0.0,0.0
0.0,0.0
0.0,0.0
0.0,0.0
0.0,0.0
0.0,0.0
0.0,0.0
0.0,0.0
0.0,0.0
0.0,0.0
0.0,0.0
0.0,0.0
0.0,0.0
0.0,0.0
0.0,0.0
0.0,0.0
0.0,0.0
0.0,0.0
0.0,0.0
0.0,0.0
0.0,0.0
0.0,0.0
0.001,0.0
0.001,0.0
0.0,0.0
0.0,0.0
0.0,0.0
0.0,0.0
0.0,0.0
0.001,0.0
0.0,0.0
0.0,0.0
0.0,0.0
0.0,0.0
0.021,0.0
0.004,0.0
0.017,0.0
0.019,0.0
0.024,0.0
0.015,0.0
0.02,0.0
0.015,0.0
0.011,0.0
0.01,0.0
0.009,0.0
0.015,0.0
0.011,0.0
0.011,0.0
0.006,0.0
0.005,0.0
0.007,0.0
0.002,0.0
0.004,0.0
0.002,0.0
0.003,0.0
0.002,0.0
0.001,0.0
0.0,0.01
0.0,0.0
0.0,0.0
0.0,0.0
0.0,0.0
0.001,0.0
0.0,0.0
0.002,0.0
0.0,0.0
0.0,0.0
0.0,0.0
0.0,0.0
0.0,0.0
0.0,0.0
0.0,0.0
0.0,0.0
0.0,0.0
0.0,0.0
0.0,0.0
0.0,0.0
0.0,0.0
0.0,0.0
0.0,0.0
0.0,0.0
0.0,0.0
0.0,0.0
0.0,0.0
0.0,0.0
0.0,0.0
0.003,0.0
0.004,0.0
0.01,0.0
0.0,0.0
0.005,0.0
0.004,0.0
0.006,0.0
0.003,0.0
0.006,0.0
0.001,0.0
0.002,0.0
0.003,0.0
0.002,0.0
0.0,0.0
0.011,0.0
0.011,0.0
0.004,0.0
0.002,0.0
0.005,0.0
0.0,0.0
0.005,0.0
0.012,0.01
0.004,0.01
0.0,0.0
0.003,0.0
0.001,0.0
0.003,0.0
0.0,0.0
0.0,0.0
0.0,0.0
0.001,0.0
0.0,0.0
0.0,0.0
0.0,0.0
0.0,0.0
0.0,0.0
0.0,0.0
0.0,0.0
0.0,0.0
0.0,0.0
0.0,0.0
0.0,0.0
0.0,0.0
0.0,0.0
0.0,0.0
0.0,0.0
0.0,0.0
0.011,0.0
0.017,0.0
0.001,0.0
0.004,0.0
0.0,0.0
0.001,0.0
0.002,0.0
0.0,0.0
0.0,0.0
0.002,0.0
0.004,0.0
0.0,0.0
0.0,0.0
0.0,0.0
0.001,0.0
0.0,0.0
0.0,0.0
0.002,0.0
0.0,0.0
0.0,0.0
0.0,0.0
0.0,0.0
0.0,0.0
0.0,0.0
0.002,0.0
0.0,0.0
0.0,0.0
0.0,0.0
0.0,0.0
0.056,0.0
0.07,0.0
0.077,0.0
0.082,0.0
0.099,0.0
0.097,0.0
0.093,0.0
0.088,0.0
0.082,0.0
0.075,0.0
0.064,0.01
0.061,0.0
0.036,0.0
0.028,0.0
0.018,0.0
0.042,0.0
0.022,0.01
0.02,0.0
0.033,0.0
0.022,0.0
0.006,0.02
0.006,0.0
0.003,0.01
0.001,0.0
0.001,0.0
0.006,0.0
0.003,0.01
0.003,0.0
0.002,0.01
0.0,0.0
0.0,0.0
0.001,0.0
0.001,0.0
0.0,0.0
0.001,0.0
0.0,0.0
0.0,0.0
0.001,0.0
0.001,0.0
0.0,0.0
0.0,0.0
0.0,0.01
0.001,0.0
0.003,0.0
0.0,0.0
0.0,0.0
0.0,0.0
0.004,0.0
0.001,0.0
0.003,0.0
0.006,0.0
0.008,0.0
0.017,0.0
0.005,0.0
0.013,0.0
0.002,0.0
0.013,0.0
0.005,0.0
0.015,0.0
0.008,0.0
0.011,0.0
0.008,0.0
0.009,0.0
0.01,0.0
0.007,0.0
0.006,0.0
0.005,0.0
0.007,0.0
0.02,0.0
0.009,0.0
0.013,0.0
0.011,0.0
0.016,0.0
0.012,0.0
0.011,0.0
0.018,0.0
0.004,0.0
0.011,0.0
0.012,0.01
0.015,0.0
0.005,0.0
0.007,0.0
0.0,0.01
0.004,0.0
0.009,0.0
0.002,0.0
0.001,0.0
0.004,0.0
0.002,0.0
0.001,0.0
0.001,0.0
0.003,0.0
0.0,0.0
0.002,0.0
0.001,0.0
0.0,0.0
0.0,0.0
0.0,0.0
0.0,0.0
0.0,0.0
0.0,0.0
0.0,0.0
0.0,0.0
0.0,0.0
0.0,0.0
0.0,0.0
0.0,0.0
0.0,0.0
0.0,0.0
0.0,0.0
0.0,0.0
0.0,0.0
0.0,0.0
0.0,0.0
0.0,0.0
0.001,0.0
0.0,0.0
0.0,0.0
0.001,0.0
0.0,0.0
0.0,0.0
0.0,0.0
0.0,0.0
0.0,0.0
0.0,0.0
0.0,0.0
0.0,0.0
0.0,0.0
0.0,0.0
0.0,0.0
0.0,0.0
0.0,0.0
0.009,0.0
0.008,0.0
0.012,0.0
0.006,0.01
0.007,0.0
0.01,0.0
0.008,0.0
0.01,0.0
0.01,0.0
0.018,0.0
0.006,0.0
0.002,0.0
0.005,0.0
0.003,0.0
0.001,0.0
0.002,0.0
0.0,0.01
0.0,0.0
0.0,0.0
0.0,0.0
0.0,0.0
0.0,0.0
0.0,0.0
0.0,0.0
0.0,0.0
0.0,0.0
0.0,0.0
0.0,0.0
0.0,0.0
0.0,0.0
0.0,0.0
0.0,0.0
0.0,0.0
0.0,0.0
0.0,0.0
0.0,0.0
0.0,0.0
0.0,0.0
0.0,0.0
0.0,0.0
0.0,0.0
0.0,0.0
0.0,0.0
0.0,0.0
0.001,0.0
-0.001,0.0
0.0,0.0
0.0,0.0
0.0,0.0
0.0,0.0
0.0,0.0
0.0,0.0
0.0,0.0
0.0,0.0
0.0,0.0
0.0,0.0
0.0,0.0
0.0,0.0
0.0,0.0
0.0,0.0
0.0,0.0
0.003,0.0
0.003,0.0
0.006,0.0
0.01,0.0
0.002,0.0
0.008,0.0
0.008,0.0
0.019,0.0
0.007,0.0
0.011,0.01
0.007,0.0
0.007,0.01
0.007,0.0
0.006,0.0
0.013,0.01
0.0,0.0
0.002,0.0
0.003,0.0
0.0,0.0
0.001,0.0
0.0,0.0
0.005,0.0
0.0,0.0
0.0,0.0
0.0,0.0
0.0,0.01
0.0,0.0
0.0,0.0
0.0,0.0
0.0,0.0
0.0,0.0
0.0,0.0
0.0,0.0
0.0,0.0
0.0,0.0
0.0,0.0
0.0,0.01
0.0,0.0
0.0,0.0
0.0,0.0
0.0,0.0
0.0,0.0
0.0,0.0
0.0,0.0
0.0,0.0
0.0,0.0
0.0,0.0
0.0,0.0
0.0,0.0
0.0,0.0
0.0,0.0
0.0,0.0
0.0,0.0
0.0,0.0
0.0,0.0
0.0,0.0
0.0,0.0
0.0,0.0
0.0,0.0
0.0,0.0
0.0,0.0
0.0,0.0
0.0,0.0
0.0,0.0
0.0,0.0
0.017,0.0
0.017,0.0
0.014,0.0
0.008,0.0
0.009,0.0
0.013,0.0
0.009,0.0
0.022,0.0
0.015,0.0
0.023,0.0
0.011,0.01
0.012,0.0
0.021,0.0
0.012,0.0
0.014,0.01
0.018,0.0
0.008,0.0
0.009,0.0
0.001,0.0
0.005,0.01
0.0,0.0
0.001,0.01
0.001,0.0
0.001,0.01
0.002,0.0
0.0,0.0
0.0,0.0
0.001,0.0
0.005,0.0
0.001,0.0
0.0,0.0
0.0,0.0
0.0,0.0
0.0,0.0
0.0,0.0
0.0,0.0
0.0,0.0
0.0,0.0
0.0,0.0
0.0,0.0
0.0,0.0
0.0,0.0
0.0,0.0
0.0,0.0
0.0,0.0
0.0,0.0
0.0,0.0
0.0,0.0
0.0,0.0
0.0,0.0
0.0,0.0
0.0,0.0
0.001,0.0
0.0,0.0
0.0,0.0
0.0,0.0
0.0,0.0
0.0,0.0
0.0,0.0
0.0,0.0
0.002,0.0
0.0,0.0
0.002,0.0
0.002,0.0
0.006,0.01
0.015,0.0
0.021,0.0
0.015,0.0
0.026,0.0
0.034,0.0
0.035,0.0
0.037,0.01
0.05,0.0
0.018,0.02
0.012,0.01
0.024,0.01
0.029,0.01
0.018,0.0
0.017,0.01
0.024,0.02
0.006,0.0
0.02,0.0
0.012,0.0
0.007,0.0
0.006,0.01
0.006,0.0
0.003,0.0
0.0,0.0
0.001,0.0
0.0,0.0
0.0,0.0
0.0,0.0
0.0,0.01
0.0,0.0
0.0,0.0
0.0,0.0
0.0,0.0
0.0,0.0
0.0,0.0
0.001,0.0
0.0,0.0
0.0,0.0
0.0,0.0
0.0,0.0
0.0,0.0
0.001,0.0
0.0,0.0
0.0,0.0
0.0,0.0
0.0,0.0
0.0,0.0
0.0,0.0
0.0,0.0
0.001,0.0
0.001,0.0
0.0,0.0
0.0,0.0
0.0,0.0
0.0,0.0
0.0,0.0
0.0,0.0
0.0,0.0
0.0,0.0
0.0,0.0
0.0,0.0
0.0,0.0
0.0,0.0
0.004,0.0
0.04,0.0
0.038,0.01
0.072,0.0
0.074,0.0
0.07,0.0
0.071,0.0
0.073,0.0
0.109,0.0
0.089,0.0
0.087,0.0
0.063,0.01
0.067,0.01
0.052,0.02
0.04,0.0
0.032,0.01
0.03,0.01
0.034,0.02
0.015,0.01
0.028,0.02
0.019,0.0
0.015,0.03
0.011,0.03
0.005,0.0
0.003,0.0
0.002,0.0
0.003,0.0
0.001,0.0
0.0,0.0
0.0,0.0
0.0,0.0
0.001,0.01
0.0,0.0
0.0,0.01
0.0,0.01
0.0,0.0
0.0,0.0
0.0,0.0
0.0,0.0
0.0,0.0
0.0,0.0
0.0,0.0
0.0,0.0
0.0,0.0
0.001,0.0
0.0,0.0
0.0,0.0
0.0,0.0
0.0,0.0
0.0,0.0
0.0,0.0
0.0,0.0
0.0,0.0
0.0,0.0
0.0,0.0
0.001,0.0
0.0,0.0
0.0,0.0
0.0,0.0
0.001,0.0
0.0,0.0
0.0,0.0
0.001,0.0
0.0,0.0
0.0,0.0
0.0,0.0
0.0,0.0
0.002,0.01
0.004,0.0
0.003,0.0
0.001,0.0
0.001,0.0
0.003,0.0
0.009,0.0
0.011,0.0
0.001,0.0
0.003,0.0
0.003,0.0
0.0,0.0
0.001,0.0
0.003,0.0
0.002,0.0
0.001,0.01
0.005,0.0
0.0,0.0
0.001,0.0
0.005,0.0
0.005,0.0
0.005,0.0
0.007,0.0
0.001,0.0
0.002,0.0
0.001,0.0
0.001,0.0
0.004,0.0
0.0,0.0
0.005,0.0
0.0,0.0
0.002,0.0
0.001,0.0
0.006,0.01
0.001,0.0
0.005,0.0
0.006,0.0
0.003,0.0
0.005,0.01
0.006,0.0
0.005,0.0
0.01,0.0
0.007,0.0
0.019,0.0
0.027,0.0
0.048,0.0
0.017,0.0
0.044,0.0
0.039,0.0
0.03,0.0
0.024,0.0
0.043,0.0
0.066,0.0
0.042,0.0
0.08,0.0
0.041,0.0
0.032,0.0
0.051,0.0
0.037,0.0
2.131,0.49
0.0,0.0
1.349,0.37
0.903,0.42
1.347,0.45
4.024,1.01
2.345,0.64
3.156,0.65
2.987,0.7
2.447,0.69
2.841,0.81
2.147,0.81
2.531,0.91
2.097,1.03
1.638,0.94
0.0,0.0
14.84,2.42
6.2,1.47
1.843,1.39
1.933,1.0
1.807,0.93
1.693,1.32
0.349,1.08
0.411,1.15
0.22,0.0
1.422,2.02
0.0,0.0
0.203,1.49
0.499,0.68
0.401,0.52
0.409,0.26
0.318,0.41
0.423,0.45
0.57,0.34
0.196,0.42
0.114,0.32
0.115,0.36
0.134,0.31
0.126,0.29
0.074,0.28
0.041,0.27
0.036,0.22
0.017,0.16
0.013,0.22
0.008,0.1
0.005,0.06
0.004,0.13
0.004,0.1
0.004,0.14
0.001,0.12
0.001,0.11
0.0,0.08
0.0,0.03
0.0,0.06
0.0,0.14
0.0,0.0
0.001,0.07
0.0,0.03
0.0,0.06
0.0,0.05
0.0,0.03
0.0,0.05
0.0,0.04
0.0,0.01
0.001,0.06
0.0,0.06
0.043,0.0
0.078,0.0
0.056,0.0
0.055,0.0
0.057,0.0
0.074,0.0
0.058,0.0
0.072,0.0
0.068,0.0
0.05,0.0
0.061,0.0
0.031,0.01
0.035,0.0
0.041,0.0
0.033,0.0
0.034,0.01
0.022,0.0
0.02,0.0
0.013,0.0
0.003,0.01
0.002,0.0
0.001,0.01
0.001,0.0
0.002,0.0
0.001,0.0
0.002,0.0
0.003,0.0
0.0,0.0
0.0,0.0
0.0,0.0
0.001,0.0
0.0,0.0
0.001,0.0
0.0,0.0
0.0,0.0
0.0,0.0
0.0,0.0
0.0,0.0
0.0,0.0
0.0,0.0
0.0,0.0
0.0,0.0
0.0,0.0
0.0,0.0
0.0,0.0
0.0,0.0
0.0,0.0
0.0,0.0
0.0,0.0
0.0,0.0
0.0,0.0
0.0,0.0
0.0,0.0
0.0,0.0
0.0,0.0
0.0,0.0
0.0,0.0
0.0,0.0
0.0,0.0
0.0,0.0
0.0,0.0
0.0,0.0
0.0,0.0
0.0,0.0
0.0,0.0
0.001,0.0
0.004,0.0
0.007,0.0
0.001,0.0
0.007,0.0
0.004,0.0
0.004,0.0
0.002,0.0
0.002,0.0
0.004,0.0
0.0,0.0
0.002,0.0
0.001,0.0
0.004,0.0
0.003,0.0
0.002,0.0
0.002,0.0
0.001,0.0
0.002,0.0
0.0,0.0
0.0,0.0
0.0,0.0
0.0,0.0
0.0,0.0
0.0,0.0
0.0,0.0
0.0,0.0
0.0,0.0
0.0,0.0
0.0,0.0
0.0,0.0
0.0,0.01
0.0,0.0
0.0,0.0
0.0,0.0
0.0,0.0
0.0,0.0
0.0,0.0
0.0,0.0
0.0,0.0
0.0,0.0
0.0,0.0
0.0,0.0
0.0,0.0
0.0,0.0
0.0,0.0
0.0,0.0
0.0,0.0
0.0,0.0
0.0,0.0
0.0,0.0
0.0,0.0
0.0,0.0
0.002,0.0
0.012,0.0
0.003,0.0
0.002,0.0
0.001,0.0
0.002,0.0
0.01,0.0
0.004,0.0
0.006,0.0
0.023,0.0
0.029,0.0
0.03,0.0
0.039,0.0
0.034,0.0
0.034,0.0
0.035,0.0
0.037,0.0
0.033,0.0
0.032,0.0
0.035,0.0
0.031,0.0
0.029,0.0
0.024,0.0
0.023,0.0
0.028,0.0
0.027,0.0
0.023,0.0
0.011,0.0
0.013,0.0
0.009,0.0
0.003,0.0
0.002,0.0
0.0,0.0
0.0,0.0
0.0,0.0
0.0,0.0
0.0,0.0
0.0,0.0
0.0,0.0
0.0,0.0
0.0,0.0
0.0,0.0
0.0,0.0
0.0,0.0
0.0,0.0
0.0,0.0
0.0,0.0
0.0,0.0
0.0,0.0
0.0,0.0
0.0,0.0
0.0,0.0
0.0,0.0
0.0,0.0
0.0,0.0
0.0,0.0
0.0,0.0
0.0,0.0
0.0,0.0
0.0,0.0
0.0,0.0
0.0,0.0
0.0,0.0
0.002,0.0
0.0,0.0
0.003,0.0
0.002,0.0
0.002,0.0
0.001,0.0
0.0,0.0
0.003,0.0
0.001,0.0
0.001,0.0
0.0,0.0
0.001,0.0
0.037,0.0
0.0,0.0
0.053,0.0
0.078,0.0
0.046,0.0
0.047,0.0
0.058,0.0
0.085,0.0
0.072,0.0
0.052,0.0
0.061,0.0
0.037,0.0
0.042,0.0
0.031,0.01
0.033,0.0
0.04,0.0
0.028,0.0
0.028,0.0
0.013,0.0
0.012,0.0
0.005,0.0
0.003,0.0
0.001,0.0
0.0,0.0
0.0,0.0
0.0,0.0
0.0,0.0
0.0,0.0
0.0,0.0
0.0,0.0
0.0,0.0
0.001,0.0
0.0,0.0
0.0,0.0
0.0,0.0
0.0,0.0
0.0,0.0
0.0,0.0
0.0,0.0
0.0,0.0
0.0,0.0
0.0,0.0
0.0,0.0
0.0,0.0
0.0,0.0
0.0,0.0
0.0,0.0
0.0,0.0
0.0,0.0
0.0,0.0
0.0,0.0
0.0,0.0
0.0,0.0
0.0,0.0
0.001,0.0
0.0,0.0
0.0,0.0
0.0,0.0
0.0,0.0
0.0,0.0
0.0,0.0
0.001,0.0
0.0,0.0
0.0,0.0
0.0,0.0
0.0,0.0
0.008,0.0
0.011,0.0
0.012,0.0
0.005,0.0
0.006,0.01
0.004,0.0
0.009,0.0
0.002,0.0
0.001,0.0
0.002,0.0
0.001,0.0
0.002,0.0
0.002,0.0
0.001,0.0
0.0,0.0
0.0,0.0
0.001,0.0
0.001,0.0
0.0,0.0
0.0,0.0
0.0,0.0
0.002,0.0
0.0,0.0
0.0,0.0
0.0,0.0
0.0,0.0
0.0,0.0
0.0,0.0
0.0,0.0
0.0,0.0
0.0,0.0
0.0,0.0
0.0,0.0
0.0,0.0
0.0,0.0
0.0,0.0
0.0,0.0
0.0,0.0
0.0,0.0
0.0,0.0
0.0,0.0
0.0,0.0
0.0,0.0
0.0,0.0
0.0,0.0
0.0,0.0
0.0,0.0
0.0,0.0
0.0,0.0
0.0,0.0
0.0,0.0
0.001,0.0
0.001,0.0
0.0,0.0
0.002,0.0
0.001,0.0
0.0,0.0
0.0,0.0
0.0,0.0
0.0,0.0
0.005,0.0
0.002,0.0
0.007,0.0
0.016,0.0
0.006,0.0
0.004,0.0
0.007,0.0
0.008,0.0
0.005,0.0
0.005,0.0
0.006,0.0
0.002,0.0
0.001,0.0
0.003,0.0
0.005,0.01
0.001,0.0
0.002,0.0
0.0,0.0
0.002,0.0
0.0,0.0
0.0,0.0
0.0,0.0
0.0,0.0
0.0,0.0
0.0,0.0
0.0,0.0
0.0,0.0
0.0,0.0
0.0,0.0
0.0,0.0
0.0,0.0
0.0,0.0
0.001,0.0
0.0,0.0
0.003,0.0
0.0,0.0
0.0,0.0
0.0,0.0
0.0,0.0
0.0,0.0
0.0,0.0
0.0,0.0
0.0,0.0
0.0,0.0
0.0,0.0
0.0,0.0
0.0,0.0
0.0,0.0
0.0,0.0
0.0,0.0
0.0,0.0
0.001,0.01
0.0,0.0
0.001,0.0
0.0,0.0
0.0,0.0
0.0,0.0
0.001,0.0
0.0,0.0
0.004,0.0
0.002,0.0
0.002,0.0
0.003,0.0
0.001,0.0
0.001,0.0
0.0,0.0
0.0,0.0
0.0,0.0
0.0,0.0
0.0,0.0
0.0,0.0
0.0,0.0
0.0,0.0
0.0,0.0
0.0,0.0
0.0,0.0
0.0,0.0
0.0,0.0
0.0,0.0
0.0,0.0
0.0,0.0
0.0,0.0
0.0,0.0
0.0,0.0
0.0,0.0
0.0,0.0
0.0,0.0
0.0,0.0
0.0,0.0
0.0,0.0
0.0,0.0
0.0,0.0
0.0,0.0
0.0,0.0
0.0,0.0
0.0,0.0
0.0,0.0
0.0,0.0
0.0,0.0
0.0,0.0
0.0,0.0
0.0,0.0
0.001,0.0
0.001,0.0
0.003,0.0
0.002,0.0
0.0,0.0
0.001,0.0
0.006,0.0
0.0,0.0
0.001,0.0
0.005,0.0
0.001,0.0
0.002,0.0
0.004,0.0
0.0,0.0
0.001,0.0
0.003,0.0
0.0,0.0
0.0,0.0
0.002,0.0
0.003,0.0
0.003,0.0
0.0,0.0
0.006,0.0
0.003,0.0
0.002,0.0
0.0,0.0
0.004,0.0
0.004,0.0
0.005,0.0
0.006,0.0
0.003,0.0
0.003,0.0
0.0,0.0
0.0,0.0
0.0,0.0
0.001,0.0
0.0,0.0
0.0,0.0
0.0,0.0
0.0,0.0
0.0,0.0
0.0,0.0
0.0,0.0
0.001,0.0
0.0,0.0
0.001,0.0
0.0,0.0
0.001,0.0
0.0,0.0
0.001,0.0
0.0,0.0
0.0,0.0
0.0,0.0
0.0,0.0
0.0,0.0
0.0,0.0
0.0,0.0
0.0,0.0
0.0,0.0
0.0,0.0
0.0,0.0
0.0,0.0
0.0,0.0
0.0,0.0
0.0,0.0
0.0,0.0
0.0,0.0
0.0,0.0
0.0,0.0
0.0,0.0
0.0,0.0
0.0,0.0
0.0,0.0
0.0,0.0
0.0,0.0
0.0,0.0
0.0,0.0
0.0,0.0
0.0,0.0
0.001,0.0
0.0,0.0
0.0,0.0
0.0,0.0
0.0,0.0
0.0,0.0
0.0,0.0
0.0,0.0
0.0,0.0
0.0,0.0
0.0,0.0
0.0,0.0
0.0,0.0
0.0,0.0
0.0,0.0
0.0,0.0
0.0,0.0
0.0,0.0
0.0,0.0
0.0,0.0
0.0,0.0
0.0,0.0
0.0,0.0
0.0,0.0
0.0,0.0
0.0,0.0
0.0,0.0
0.0,0.0
0.0,0.0
0.0,0.0
0.0,0.0
0.0,0.0
0.0,0.0
0.0,0.0
0.0,0.0
0.0,0.0
0.0,0.0
0.0,0.0
0.0,0.0
0.0,0.0
0.0,0.0
0.0,0.0
0.0,0.0
0.0,0.0
0.0,0.0
0.0,0.0
0.0,0.0
0.0,0.0
0.0,0.0
0.0,0.0
0.0,0.0
0.0,0.0
0.0,0.0
0.0,0.0
0.0,0.0
0.0,0.0
0.0,0.0
0.01,0.0
0.007,0.0
0.024,0.0
0.014,0.0
0.015,0.0
0.012,0.0
0.014,0.0
0.023,0.0
0.008,0.0
0.011,0.0
0.011,0.0
0.013,0.0
0.005,0.0
0.006,0.0
0.006,0.0
0.004,0.0
0.001,0.0
0.002,0.0
0.004,0.0
0.004,0.0
0.0,0.0
0.002,0.0
0.003,0.01
0.0,0.0
0.0,0.0
0.0,0.0
0.0,0.0
0.0,0.0
0.0,0.0
0.0,0.0
0.0,0.0
0.0,0.0
0.0,0.0
0.0,0.0
0.0,0.0
0.0,0.0
0.0,0.0
0.0,0.0
0.0,0.0
0.0,0.0
0.0,0.0
0.0,0.0
0.0,0.0
0.0,0.01
0.0,0.0
0.0,0.0
0.0,0.0
0.0,0.0
0.001,0.01
0.0,0.0
0.0,0.0
0.001,0.0
0.001,0.0
0.0,0.0
0.0,0.0
0.001,0.0
0.001,0.0
0.003,0.0
0.0,0.0
0.0,0.0
0.0,0.0
0.0,0.0
0.0,0.0
0.002,0.0
0.0,0.0
0.02,0.0
0.035,0.0
0.028,0.0
0.026,0.0
0.022,0.0
0.024,0.0
0.029,0.0
0.016,0.0
0.032,0.0
0.04,0.0
0.039,0.0
0.03,0.0
0.028,0.01
0.022,0.0
0.021,0.0
0.01,0.01
0.012,0.0
0.014,0.0
0.009,0.0
0.005,0.0
0.004,0.0
0.002,0.01
0.001,0.0
0.002,0.01
0.203,0.0
0.001,0.0
0.004,0.0
0.001,0.01
0.001,0.01
0.0,0.0
0.0,0.0
0.0,0.0
0.0,0.0
0.002,0.0
0.0,0.0
0.0,0.0
0.0,0.0
0.0,0.0
0.0,0.0
0.0,0.0
0.0,0.0
0.0,0.0
0.0,0.0
0.002,0.0
0.0,0.0
0.0,0.01
0.0,0.0
0.0,0.0
0.0,0.0
0.001,0.0
0.0,0.0
0.0,0.0
0.001,0.0
0.002,0.0
0.003,0.0
0.001,0.0
0.0,0.0
0.001,0.0
0.002,0.0
0.001,0.0
0.0,0.0
0.0,0.0
0.001,0.0
0.001,0.0
0.0,0.0
0.001,0.0
0.013,0.0
0.03,0.0
0.016,0.0
0.023,0.0
0.034,0.0
0.013,0.0
0.021,0.0
0.016,0.0
0.024,0.0
0.014,0.0
0.02,0.0
0.009,0.0
0.007,0.0
0.006,0.0
0.004,0.0
0.008,0.0
0.004,0.0
0.003,0.0
0.008,0.0
0.002,0.0
0.005,0.0
0.0,0.0
0.0,0.01
0.001,0.0
0.0,0.0
0.001,0.01
0.0,0.0
0.0,0.0
0.001,0.0
0.001,0.0
0.0,0.0
0.0,0.0
0.0,0.0
0.0,0.0
0.0,0.0
0.001,0.0
0.0,0.0
0.001,0.0
0.003,0.0
0.0,0.0
0.0,0.0
0.0,0.0
0.002,0.0
0.0,0.0
0.0,0.0
0.002,0.0
0.007,0.0
0.0,0.0
0.002,0.0
0.003,0.0
0.003,0.0
0.002,0.0
0.008,0.0
0.009,0.0
0.024,0.01
0.0,0.0
0.01,0.0
0.019,0.01
0.018,0.0
0.017,0.0
0.017,0.0
0.007,0.0
0.006,0.0
0.011,0.0
0.007,0.01
0.006,0.0
0.004,0.0
0.008,0.0
0.019,0.0
0.008,0.0
0.007,0.0
0.0,0.0
0.015,0.0
0.008,0.0
0.011,0.0
0.004,0.0
0.0,0.0
0.005,0.0
0.002,0.0
0.0,0.0
0.001,0.0
0.001,0.0
0.001,0.0
0.001,0.0
0.001,0.0
0.0,0.0
0.001,0.0
0.0,0.0
0.0,0.0
0.0,0.0
0.001,0.0
0.0,0.0
0.0,0.0
0.0,0.0
0.0,0.0
0.0,0.0
0.0,0.0
0.0,0.0
0.0,0.0
0.0,0.0
0.0,0.0
0.0,0.0
0.0,0.0
0.0,0.0
0.0,0.0
0.0,0.0
0.0,0.0
0.0,0.0
0.0,0.0
0.0,0.0
0.0,0.0
0.0,0.0
0.0,0.0
0.0,0.0
0.0,0.0
0.0,0.0
0.0,0.0
0.0,0.0
0.001,0.0
0.0,0.0
0.0,0.0
0.001,0.0
0.0,0.0
0.0,0.0
0.001,0.0
0.0,0.0
0.0,0.0
0.001,0.0
0.0,0.0
0.021,0.0
0.018,0.01
0.034,0.0
0.035,0.0
0.03,0.0
0.024,0.0
0.023,0.0
0.028,0.0
0.019,0.0
0.02,0.0
0.023,0.0
0.02,0.0
0.022,0.0
0.019,0.0
0.012,0.0
0.019,0.0
0.015,0.0
0.012,0.0
0.007,0.0
0.011,0.02
0.014,0.0
0.013,0.0
0.006,0.0
0.006,0.0
0.005,0.0
0.001,0.0
0.0,0.0
0.001,0.0
0.002,0.0
0.002,0.0
0.003,0.0
0.004,0.0
0.0,0.0
0.0,0.0
0.0,0.0
0.0,0.0
0.0,0.0
0.001,0.0
0.0,0.0
0.0,0.0
0.0,0.0
0.0,0.0
0.0,0.0
0.0,0.0
0.0,0.0
0.0,0.0
0.0,0.0
0.0,0.0
0.0,0.0
0.001,0.0
0.0,0.0
0.0,0.0
0.001,0.0
0.001,0.0
0.001,0.0
0.0,0.0
0.002,0.0
0.002,0.0
0.0,0.0
0.001,0.0
0.0,0.0
0.002,0.0
0.0,0.0
0.0,0.0
0.002,0.0
0.002,0.0
0.004,0.0
0.001,0.0
0.009,0.0
0.007,0.0
0.012,0.0
0.007,0.0
0.002,0.01
0.01,0.0
0.002,0.0
0.007,0.0
0.003,0.0
0.004,0.0
0.011,0.01
0.006,0.0
0.007,0.01
0.001,0.0
0.002,0.0
0.002,0.0
0.001,0.0
0.003,0.0
0.002,0.0
0.001,0.0
0.001,0.0
0.003,0.0
0.0,0.0
0.0,0.0
0.0,0.0
0.0,0.0
0.001,0.0
0.0,0.0
0.0,0.0
0.0,0.0
0.0,0.0
0.0,0.0
0.0,0.0
0.0,0.0
0.0,0.0
0.0,0.0
0.0,0.0
0.0,0.0
0.0,0.0
0.0,0.0
0.0,0.0
0.0,0.0
0.0,0.0
0.0,0.0
0.0,0.0
0.0,0.0
0.0,0.0
0.001,0.0
0.0,0.0
0.0,0.0
0.0,0.0
0.004,0.0
0.004,0.0
0.0,0.0
0.006,0.0
0.004,0.0
0.006,0.0
0.005,0.0
0.008,0.0
0.0,0.0
0.002,0.0
0.0,0.0
0.003,0.0
0.005,0.0
0.003,0.0
0.004,0.0
0.003,0.0
0.003,0.0
0.003,0.0
0.004,0.0
0.006,0.0
0.004,0.0
0.004,0.01
0.002,0.0
0.005,0.0
0.001,0.0
0.004,0.0
0.001,0.0
0.0,0.0
0.0,0.0
0.0,0.0
0.0,0.01
0.0,0.0
0.0,0.0
0.0,0.0
0.0,0.0
0.0,0.0
0.0,0.01
0.0,0.0
0.0,0.0
0.0,0.0
0.0,0.0
0.0,0.0
0.0,0.0
0.0,0.0
0.0,0.0
0.0,0.0
0.0,0.0
0.0,0.0
0.0,0.0
0.0,0.0
0.0,0.0
0.0,0.0
0.0,0.0
0.0,0.0
0.0,0.0
0.0,0.0
0.0,0.0
0.0,0.0
0.0,0.0
0.0,0.0
0.0,0.0
0.0,0.0
0.0,0.0
0.0,0.0
0.0,0.0
0.0,0.0
0.0,0.0
0.0,0.0
0.0,0.0
0.0,0.0
0.0,0.0
0.011,0.0
0.015,0.0
0.013,0.0
0.01,0.0
0.012,0.0
0.012,0.0
0.005,0.0
0.006,0.0
0.005,0.0
0.005,0.0
0.0,0.0
0.003,0.0
0.008,0.0
0.004,0.0
0.001,0.0
0.002,0.0
0.006,0.0
0.006,0.0
0.003,0.0
0.0,0.0
0.001,0.0
0.0,0.01
0.002,0.01
0.0,0.0
0.0,0.0
0.0,0.0
0.0,0.0
0.0,0.0
0.0,0.0
0.0,0.0
0.0,0.0
0.0,0.0
0.0,0.0
0.0,0.0
0.0,0.0
0.0,0.0
0.0,0.0
0.0,0.0
0.0,0.0
0.0,0.0
0.0,0.0
0.0,0.0
0.0,0.0
0.0,0.0
0.0,0.0
0.0,0.0
0.0,0.0
0.002,0.0
0.0,0.0
0.0,0.0
0.0,0.0
0.0,0.0
0.0,0.0
0.0,0.0
0.0,0.0
0.0,0.0
0.0,0.0
0.002,0.0
0.002,0.0
0.0,0.0
0.0,0.0
0.0,0.0
0.002,0.0
0.0,0.0
0.001,0.0
0.045,0.0
0.123,0.0
0.132,0.0
0.11,0.0
0.061,0.0
0.062,0.0
0.063,0.0
0.105,0.0
0.066,0.0
0.059,0.0
0.052,0.0
0.042,0.0
0.027,0.0
0.017,0.0
0.025,0.0
0.014,0.0
0.014,0.0
0.01,0.0
0.007,0.0
0.005,0.0
0.004,0.0
0.001,0.0
0.002,0.0
0.001,0.01
0.028,0.0
0.002,0.0
0.0,0.0
0.0,0.0
0.0,0.0
0.0,0.0
0.0,0.0
0.0,0.0
0.0,0.0
0.0,0.0
0.001,0.0
0.007,0.0
0.0,0.0
0.002,0.0
0.0,0.0
0.0,0.0
0.0,0.0
0.0,0.0
0.0,0.0
0.0,0.0
0.0,0.0
0.0,0.0
0.012,0.0
0.004,0.0
0.0,0.0
0.001,0.0
0.0,0.0
0.001,0.0
0.001,0.0
0.002,0.0
0.002,0.0
0.0,0.0
0.002,0.0
0.001,0.0
0.002,0.0
0.004,0.0
0.004,0.0
0.003,0.0
0.001,0.0
0.002,0.0
0.0,0.0
0.001,0.0
0.011,0.0
0.028,0.0
0.009,0.0
0.026,0.0
0.068,0.0
0.035,0.02
0.046,0.01
0.101,0.0
0.092,0.01
0.021,0.02
0.048,0.0
0.069,0.0
0.094,0.04
0.096,0.02
0.108,0.04
0.159,0.01
0.096,0.02
0.003,0.02
0.006,0.0
0.009,0.01
0.003,0.0
0.003,0.01
0.0,0.0
0.014,0.03
0.0,0.0
0.016,0.02
0.017,0.0
0.011,0.01
0.025,0.04
0.001,0.0
0.008,0.0
0.006,0.0
0.009,0.0
0.019,0.01
0.02,0.0
0.028,0.01
0.017,0.0
0.024,0.0
0.019,0.0
0.024,0.0
0.03,0.0
0.032,0.0
0.032,0.0
0.019,0.0
0.016,0.0
0.017,0.0
0.028,0.0
0.021,0.0
0.002,0.0
0.005,0.0
0.0,0.0
0.013,0.0
0.006,0.0
0.011,0.0
0.008,0.0
0.008,0.0
0.016,0.0
0.024,0.01
0.023,0.0
0.078,0.0
0.048,0.0
0.061,0.0
0.067,0.0
0.06,0.0
0.053,0.02
0.091,0.0
0.071,0.02
0.056,0.01
0.077,0.0
0.077,0.0
0.096,0.0
0.048,0.01
0.005,0.0
0.008,0.0
0.009,0.0
0.01,0.01
0.013,0.0
0.039,0.01
0.02,0.0
0.031,0.01
0.016,0.02
0.026,0.0
0.021,0.0
0.013,0.0
0.003,0.0
0.018,0.0
0.0,0.0
0.017,0.0
0.011,0.01
0.021,0.0
0.008,0.02
0.008,0.0
0.014,0.0
0.016,0.02
0.017,0.0
0.035,0.0
0.016,0.02
0.032,0.01
0.058,0.01
0.036,0.01
0.01,0.0
0.05,0.0
0.003,0.0
0.047,0.0
0.048,0.0
0.064,0.0
0.045,0.0
0.098,0.0
0.068,0.0
0.23,0.0
0.139,0.0
0.162,0.0
0.125,0.01
0.116,0.0
0.158,0.02
0.26,0.03
0.271,0.03
0.354,0.0
0.352,0.02
0.186,0.05
0.184,0.07
0.307,0.08
0.2,0.08
0.35,0.05
0.011,0.0
0.014,0.0
0.008,0.0
0.012,0.0
0.023,0.0
0.003,0.0
0.004,0.0
0.01,0.0
0.008,0.0
0.004,0.0
0.011,0.0
0.004,0.0
0.009,0.0
0.001,0.0
0.004,0.0
0.004,0.0
0.055,0.0
0.172,0.0
0.18,0.0
0.173,0.0
0.186,0.0
0.026,0.01
0.037,0.01
0.05,0.01
0.063,0.01
0.08,0.0
0.094,0.02
0.104,0.03
0.071,0.04
0.069,0.0
0.055,0.11
0.141,0.08
0.133,0.02
0.153,0.07
0.169,0.11
0.155,0.13
0.194,0.07
0.182,0.05
0.283,0.13
0.247,0.14
0.279,0.19
0.003,0.0
0.007,0.0
0.013,0.01
0.038,0.0
0.04,0.0
0.09,0.01
0.043,0.0
0.067,0.03
0.08,0.04
0.096,0.0
0.093,0.1
0.138,0.08
0.14,0.11
0.042,0.03
0.208,0.09
0.175,0.06
0.096,0.03
0.002,0.0
0.0,0.0
0.0,0.0
0.011,0.02
0.0,0.0
0.009,0.0
0.021,0.0
0.053,0.0
0.088,0.01
0.168,0.02
0.139,0.02
0.283,0.07
0.192,0.04
0.101,0.09
0.091,0.01
0.23,0.06
0.192,0.02
0.228,0.12
0.101,0.1
0.038,0.02
0.278,0.15
0.508,0.18
0.415,0.27
0.006,0.0
0.004,0.0
0.001,0.0
0.007,0.0
0.013,0.01
0.029,0.0
0.001,0.0
0.04,0.0
0.046,0.02
0.0,0.02
0.06,0.0
0.029,0.02
0.009,0.02
0.033,0.04
0.039,0.05
0.036,0.01
0.054,0.01
0.039,0.03
0.041,0.06
0.04,0.06
0.033,0.04
0.047,0.01
0.054,0.05
0.069,0.06
0.086,0.06
0.002,0.01
0.0,0.0
0.009,0.01
0.0,0.0
0.0,0.0
0.003,0.0
0.0,0.0
0.036,0.0
0.056,0.0
0.034,0.0
0.02,0.0
0.033,0.0
0.009,0.0
0.016,0.0
0.023,0.0
0.02,0.0
0.026,0.0
0.017,0.0
0.035,0.01
0.134,0.0
0.037,0.0
0.07,0.0
0.034,0.02
0.036,0.0
0.03,0.01
0.034,0.01
0.079,0.06
0.004,0.0
0.0,0.0
0.005,0.0
0.002,0.0
0.003,0.0
0.003,0.0
0.0,0.0
0.008,0.0
0.007,0.0
0.01,0.0
0.019,0.0
0.0,0.0
0.096,0.0
0.07,0.0
0.019,0.0
0.033,0.0
0.044,0.0
0.015,0.0
0.064,0.0
0.05,0.0
0.073,0.01
0.103,0.0
0.074,0.0
0.092,0.0
0.088,0.02
0.078,0.02
0.083,0.02
0.126,0.02
0.073,0.02
0.112,0.02
0.066,0.04
0.028,0.0
0.072,0.02
0.003,0.0
0.0,0.0
0.002,0.0
0.003,0.0
0.005,0.0
0.0,0.0
0.0,0.0
0.0,0.0
0.0,0.0
0.015,0.0
0.0,0.0
0.008,0.0
0.0,0.0
0.0,0.0
0.005,0.0
0.0,0.0
0.0,0.0
0.0,0.0
0.006,0.0
0.0,0.0
0.001,0.0
0.0,0.0
0.008,0.0
0.005,0.01
0.004,0.0
0.0,0.0
0.011,0.0
0.0,0.0
0.0,0.0
0.029,0.01
0.004,0.02
0.0,0.0
0.008,0.0
0.011,0.02
0.003,0.0
0.0,0.0
0.014,0.0
0.013,0.0
0.0,0.0
0.019,0.0
0.012,0.01
0.0,0.0
0.022,0.0
0.0,0.0
0.001,0.0
0.0,0.0
0.002,0.0
0.019,0.0
0.007,0.0
0.023,0.0
0.017,0.0
0.024,0.0
0.01,0.0
0.038,0.0
0.0,0.0
0.041,0.0
0.023,0.0
0.034,0.0
0.027,0.0
0.004,0.01
0.0,0.0
0.0,0.0
0.007,0.0
0.009,0.0
0.0,0.0
0.012,0.0
0.009,0.0
0.004,0.0
0.009,0.0
0.0,0.0
0.015,0.0
0.012,0.0
0.0,0.0
0.0,0.0
0.035,0.02
0.007,0.0
0.003,0.0
0.0,0.0
0.0,0.0
0.0,0.0
0.0,0.0
0.001,0.01
0.0,0.0
0.0,0.0
0.0,0.0
0.0,0.0
0.0,0.0
0.0,0.0
0.0,0.0
0.0,0.0
0.0,0.0
0.002,0.0
0.004,0.01
0.02,0.0
0.019,0.0
0.043,0.0
0.03,0.0
0.061,0.01
0.013,0.01
0.081,0.0
0.092,0.02
0.276,0.03
0.296,0.02
0.177,0.08
0.083,0.0
0.575,0.14
0.497,0.15
0.0,0.0
1.38,0.31
0.808,0.12
0.03,0.0
2.134,0.57
1.019,0.0
1.391,0.0
1.828,0.95
1.741,2.07
1.67,1.12
1.736,1.12
3.838,1.86
2.448,2.4
2.929,2.31
3.922,3.65
3.809,2.99
4.611,3.19
2.599,2.92
4.376,4.18
7.578,4.99
4.861,5.09
2.116,13.55
0.003,0.0
0.001,0.0
0.005,0.0
0.003,0.0
0.0,0.0
0.001,0.0
0.004,0.0
0.002,0.0
0.003,0.0
0.006,0.0
0.005,0.0
0.007,0.0
0.009,0.0
0.005,0.0
0.004,0.0
0.004,0.0
0.007,0.0
0.001,0.0
0.012,0.0
0.007,0.0
0.007,0.0
0.017,0.0
0.001,0.0
0.0,0.0
0.002,0.0
0.0,0.0
0.0,0.0
0.0,0.0
0.0,0.0
0.0,0.0
0.0,0.0
0.0,0.0
0.0,0.0
0.0,0.0
0.0,0.0
0.0,0.0
0.0,0.0
0.0,0.0
0.001,0.0
0.01,0.0
0.019,0.0
0.002,0.0
0.031,0.0
0.051,0.0
0.029,0.0
0.037,0.0
0.066,0.0
0.22,0.0
0.188,0.0
0.129,0.0
0.241,0.0
0.136,0.02
0.281,0.0
0.451,0.01
0.17,0.0
1.597,0.04
0.91,0.02
1.21,0.02
1.477,0.06
1.985,0.07
3.07,0.04
2.993,0.16
4.528,0.23
2.365,0.17
2.66,0.1
4.183,0.29
3.93,0.34
4.337,0.49
6.615,0.61
6.933,0.75
6.824,0.91
4.4,1.0
4.79,1.12
4.923,1.3
6.064,1.45
6.922,1.87
0.026,0.0
0.04,0.02
0.039,0.0
0.005,0.0
0.004,0.01
0.011,0.0
0.0,0.0
0.009,0.0
0.034,0.0
0.009,0.0
0.001,0.0
0.027,0.0
0.0,0.0
0.016,0.0
0.01,0.01
0.0,0.0
0.091,0.0
0.038,0.02
0.103,0.01
0.0,0.0
0.056,0.01
0.031,0.0
0.0,0.01
0.077,0.0
0.035,0.07
0.094,0.02
0.071,0.02
0.048,0.03
0.078,0.02
0.071,0.04
0.074,0.02
0.095,0.04
0.095,0.06
0.056,0.05
0.102,0.06
0.101,0.01
0.129,0.03
0.003,0.0
0.001,0.0
0.003,0.0
0.006,0.0
0.0,0.0
0.002,0.0
0.002,0.0
0.001,0.0
0.008,0.0
0.008,0.0
0.022,0.0
0.0,0.0
0.003,0.0
0.0,0.0
0.0,0.0
0.004,0.01
0.007,0.0
0.0,0.02
0.0,0.0
0.004,0.0
0.0,0.0
0.006,0.0
0.016,0.01
0.016,0.0
0.027,0.0
0.015,0.02
0.029,0.04
0.002,0.0
0.031,0.03
0.047,0.04
0.002,0.01
0.007,0.0
0.011,0.0
0.008,0.0
0.015,0.0
0.012,0.02
0.018,0.01
0.028,0.02
0.036,0.01
0.02,0.02
0.039,0.01
0.035,0.0
0.039,0.0
0.043,0.01
0.065,0.02
0.039,0.02
0.045,0.01
0.033,0.04
0.06,0.01
0.007,0.0
0.0,0.0
0.008,0.0
0.011,0.0
0.016,0.0
0.018,0.0
0.031,0.0
0.022,0.0
0.015,0.05
0.009,-0.05
0.04,0.01
0.03,0.0
0.08,0.0
0.079,-0.01
0.064,0.01
0.095,0.0
0.02,0.0
0.06,0.01
0.089,0.0
0.065,0.0
0.088,0.0
0.073,0.0
0.057,0.0
0.066,0.0
0.049,0.0
0.085,0.0
0.099,0.02
0.002,0.0
0.001,0.0
0.003,0.0
0.005,0.0
0.004,0.0
0.013,0.0
0.006,0.01
0.011,0.0
0.009,0.01
0.02,0.0
0.011,0.0
0.006,0.0
0.023,0.01
0.014,0.0
0.038,0.01
0.05,0.01
0.086,-0.01
0.066,0.03
0.103,0.03
0.037,0.0
0.121,0.02
0.07,0.08
0.16,0.0
0.1,0.04
0.037,0.03
0.227,0.05
0.146,0.03
0.601,0.23
0.545,0.14
0.0,0.0
0.035,0.03
0.027,0.01
0.021,0.0
0.017,0.0
0.038,0.0
0.055,0.14
0.084,0.06
0.058,0.07
0.081,0.06
0.064,0.1
0.065,0.01
0.107,0.06
0.104,0.03
0.103,0.2
0.153,0.09
0.109,0.15
0.13,0.12
0.129,0.08
0.114,0.14
0.149,0.21
0.113,0.13
0.034,0.04
0.044,0.03
0.106,0.07
0.143,0.08
0.205,0.09
0.385,0.11
0.523,0.12
0.835,0.11
0.586,0.15
0.591,0.15
1.234,0.17
1.076,0.21
0.743,0.49
0.595,0.43
0.881,0.54
0.958,0.63
1.075,0.75
1.289,0.85
1.365,0.97
1.209,1.13
1.053,1.29
1.178,1.35
1.192,1.47
1.046,1.49
1.237,1.49
0.966,1.23
1.028,1.29
1.411,1.27
1.762,1.22
2.206,1.43
2.389,1.57
2.926,1.44
3.076,1.39
2.901,1.23
3.186,1.17
3.11,1.41
2.988,1.38
2.875,1.24
0.003,0.02
0.0,0.0
0.005,0.01
0.014,0.01
0.006,0.02
0.0,0.0
0.011,0.01
0.0,0.0
0.0,0.01
0.03,0.01
0.009,0.01
0.006,0.0
0.008,0.0
0.03,0.01
0.01,0.01
0.028,0.01
0.016,0.04
0.006,0.0
0.019,0.03
0.033,0.03
0.05,0.04
0.03,0.02
0.036,0.07
0.076,0.04
0.048,0.02
0.041,0.0
0.083,0.04
0.064,0.04
0.034,0.02
0.044,0.02
0.009,0.01
0.0,0.0
0.047,0.0
0.039,0.01
0.0,0.0
0.04,0.0
0.054,0.0
0.069,0.0
0.265,0.01
0.126,0.0
0.102,0.0
0.121,0.01
0.219,0.02
0.204,0.01
0.235,0.02
0.255,0.1
0.302,0.03
0.294,0.14
0.2,0.1
0.295,0.08
0.325,0.17
0.212,0.14
0.402,0.13
0.006,0.0
0.018,0.0
0.0,0.0
0.014,0.0
0.004,0.0
0.021,0.0
0.026,0.0
0.029,0.0
0.058,0.0
0.005,0.0
0.032,0.0
0.054,0.0
0.123,0.0
0.102,0.0
0.183,0.01
0.171,0.0
0.188,0.0
0.167,0.02
1.131,0.02
0.324,0.03
0.342,0.04
0.584,0.0
0.628,0.03
0.448,0.01
0.663,0.04
0.734,0.06
0.765,0.1
0.093,0.01
0.074,0.04
0.093,0.03
0.131,0.02
0.202,0.05
0.233,0.04
0.24,0.08
0.566,0.05
0.342,0.18
0.466,0.27
0.587,0.28
0.769,0.41
0.778,0.49
1.247,0.36
1.492,1.33
1.797,0.97
0.977,1.68
2.313,1.96
0.0,0.0
5.198,4.39
3.497,1.75
3.59,3.68
3.233,3.49
3.526,3.45
4.207,4.75
5.322,4.27
5.986,6.27
6.557,7.93
5.56,6.51
4.789,6.01
5.249,7.43
5.21,6.83
6.203,7.12
5.909,9.19
5.974,8.89
5.217,7.56
4.05,8.12
4.053,8.37
4.782,7.27
4.668,7.6
0.003,0.0
0.0,0.0
0.002,0.0
0.005,0.0
0.0,0.0
0.0,0.0
0.004,0.0
0.002,0.0
0.004,0.0
0.0,0.0
0.008,0.02
0.003,0.0
0.002,0.0
0.0,0.0
0.0,0.0
0.003,0.0
0.0,0.0
0.001,0.0
0.0,0.0
0.0,0.0
0.002,0.0
0.0,0.01
0.001,0.0
0.014,0.0
0.016,0.0
0.007,0.0
0.008,0.0
0.01,0.0
0.01,0.0
0.011,0.0
0.017,0.0
0.025,0.0
0.012,0.0
0.011,0.0
0.019,0.01
0.025,0.02
0.014,0.0
0.013,0.01
0.015,0.01
0.018,0.0
0.019,0.0
0.038,0.0
0.029,0.0
0.06,0.0
0.041,0.0
0.041,0.0
0.009,0.04
0.07,0.0
0.058,0.05
0.0,0.01
0.062,0.03
0.072,0.03
0.066,0.0
0.0,0.05
0.039,0.02
0.011,0.0
0.035,0.0
0.039,0.04
0.044,0.02
0.094,0.06
0.027,0.01
0.065,0.01
0.114,0.02
0.08,0.02
0.081,0.02
0.225,0.03
0.173,0.02
0.0,0.0
0.087,0.02
0.225,0.01
0.317,0.05
0.017,0.0
0.016,0.0
0.0,0.0
0.027,0.0
0.015,0.0
0.027,0.0
0.018,0.0
0.04,0.0
0.023,0.01
0.011,0.0
0.013,0.02
0.009,0.02
0.006,0.0
0.004,0.0
0.021,0.0
0.005,0.03
0.004,-0.03
0.007,0.0
0.002,0.0
0.01,0.0
0.009,0.0
0.03,0.01
0.039,0.0
0.078,0.0
0.056,0.0
0.018,0.0
0.041,0.01
0.037,0.01
0.055,0.0
0.003,0.01
0.0,0.0
0.007,0.0
0.004,0.0
0.008,0.0
0.009,0.0
0.022,0.0
0.029,0.02
0.004,0.0
0.001,0.0
0.0,0.0
0.001,0.0
0.002,0.0
0.001,0.0
0.0,0.0
0.0,0.0
0.0,0.0
0.0,0.0
0.001,0.0
0.001,0.0
0.001,0.0
0.0,0.0
0.073,0.01
0.1,0.01
0.229,0.0
0.169,0.04
0.231,0.02
0.144,0.02
0.284,0.02
0.505,0.01
0.571,0.0
0.813,0.03
0.586,0.01
0.599,0.11
0.851,0.0
0.435,0.07
0.467,0.0
0.505,0.07
0.448,0.02
0.273,0.06
0.164,0.03
0.035,0.01
0.242,0.06
0.114,0.06
0.11,0.0
0.107,0.06
0.076,0.03
0.074,0.0
0.084,0.06
0.093,0.03
0.152,0.07
0.087,0.03
0.147,0.08
0.162,0.09
0.0,0.0
0.076,0.09
0.1,0.06
0.104,0.05
0.091,0.08
0.146,0.05
0.105,0.08
0.078,0.06
0.125,0.04
0.101,0.03
0.089,0.04
0.0,0.0
0.0,0.0
0.011,0.0
0.0,0.0
0.0,0.0
0.002,0.0
0.0,0.0
0.003,0.0
0.003,0.0
0.0,0.0
0.005,0.0
0.003,0.0
0.008,0.0
0.0,0.0
0.024,0.0
0.008,0.0
0.011,0.0
0.007,0.0
0.012,0.0
0.006,0.0
0.011,0.0
0.017,0.0
0.012,0.0
0.001,0.0
0.002,0.0
0.004,0.0
0.013,0.0
0.017,0.0
0.01,0.0
0.02,0.0
0.011,0.0
0.023,0.0
0.028,0.0
0.025,0.0
0.0,0.0
0.014,0.0
0.0,0.0
0.026,0.0
0.01,0.0
0.013,0.0
0.004,0.0
0.005,0.0
0.004,0.0
0.015,0.0
0.022,0.0
0.015,0.0
0.025,0.0
0.013,0.0
0.015,0.0
0.041,0.0
0.017,0.0
0.024,0.0
0.023,0.0
0.036,0.0
0.025,0.0
0.042,0.0
0.029,0.0
0.022,0.0
0.048,0.0
0.012,0.0
0.0,0.0
0.01,0.0
0.0,0.0
0.009,0.01
0.02,0.02
0.0,0.0
0.016,0.0
0.016,0.0
0.017,0.0
0.0,0.0
0.01,0.0
0.013,0.0
0.024,0.01
0.006,0.0
0.024,0.0
0.061,0.0
0.019,0.0
0.051,0.0
0.015,0.02
0.035,0.0
0.023,0.02
0.021,0.0
0.026,0.02
0.008,0.01
0.024,0.01
0.009,0.02
0.015,0.02
0.009,0.0
0.0,0.0
0.014,0.0
0.0,0.0
0.0,0.0
0.005,0.0
0.0,0.0
0.0,0.0
0.0,0.0
0.006,0.0
0.006,0.0
0.0,0.0
0.007,0.0
0.009,0.0
0.013,0.0
0.034,0.01
0.06,0.0
0.036,0.0
0.03,0.01
0.065,0.02
0.025,0.0
0.059,0.01
0.036,0.02
0.066,0.0
0.031,0.0
0.046,0.01
0.044,0.0
0.068,0.01
0.008,0.0
0.018,0.0
0.063,0.0
0.063,0.01
0.132,0.02
0.149,0.0
0.186,0.04
0.128,0.0
0.077,0.0
0.224,0.0
0.234,0.0
0.12,0.01
0.152,0.06
0.226,0.03
0.119,0.03
0.038,0.01
0.19,0.01
0.141,0.06
0.168,0.01
0.0,0.0
0.013,0.0
0.004,0.0
0.014,0.0
0.0,0.0
0.002,0.0
0.004,0.0
0.0,0.0
0.002,0.0
0.0,0.0
0.0,0.0
0.001,0.0
0.0,0.0
0.003,0.0
0.0,0.0
0.0,0.0
0.0,0.0
0.0,0.0
0.0,0.0
0.0,0.0
0.0,0.0
0.0,0.0
0.0,0.0
0.0,0.0
0.0,0.0
0.001,0.0
0.0,0.0
0.002,0.0
0.004,0.0
0.0,0.0
0.007,0.0
0.014,0.0
0.0,0.0
0.033,0.0
0.01,0.0
0.006,0.0
0.018,0.0
0.012,0.0
0.02,0.0
0.0,0.0
0.048,0.0
0.041,0.0
0.19,0.0
0.138,0.0
0.107,0.02
0.117,0.0
0.11,0.0
0.13,0.01
0.153,0.01
0.123,0.06
0.212,0.04
0.106,0.02
0.172,0.04
0.235,0.03
0.13,0.03
0.159,0.01
0.15,0.08
0.156,0.02
0.14,0.06
0.142,0.02
0.208,0.05
0.0,0.0
0.0,0.0
0.0,0.0
0.0,0.0
0.0,0.0
0.0,0.0
0.0,0.0
0.0,0.0
0.003,0.0
0.0,0.0
0.001,0.0
0.0,0.0
0.001,0.0
0.001,0.0
0.0,0.0
0.008,0.0
0.0,0.0
0.015,0.0
0.011,0.0
0.009,0.0
0.017,0.0
0.017,0.0
0.003,0.0
0.019,0.0
0.005,0.0
0.005,0.0
0.01,0.0
0.002,0.0
0.005,0.0
0.013,0.0
0.019,0.0
0.008,0.0
0.006,0.0
0.033,0.0
0.013,0.0
0.008,0.0
0.005,0.01
0.021,0.0
0.015,0.02
0.018,0.01
0.008,0.01
0.015,0.0
0.012,0.0
0.029,0.0
0.011,0.0
0.025,0.01
0.046,0.0
0.039,0.01
0.048,0.0
0.065,0.01
0.051,0.01
0.038,0.01
0.07,0.01
0.11,0.02
0.132,0.04
0.131,0.04
0.145,0.04
0.101,0.08
0.121,0.01
0.163,0.08
0.0,0.01
0.019,0.0
0.017,0.0
0.014,0.0
0.014,0.0
0.015,0.0
0.016,0.0
0.024,0.0
0.028,0.0
0.022,0.01
0.032,0.0
0.032,0.0
0.035,0.0
0.055,0.02
0.07,0.01
0.082,0.01
0.0,0.0
0.008,0.0
0.002,0.0
0.009,0.0
0.0,0.0
0.004,0.01
0.003,0.0
0.003,0.0
0.003,0.0
0.005,0.0
0.001,0.0
0.0,0.0
0.0,0.0
0.0,0.0
0.002,0.0
0.0,0.0
0.005,0.0
0.017,0.0
0.013,0.0
0.002,0.0
0.001,0.0
0.006,0.0
0.018,0.01
0.014,0.0
0.021,0.0
0.009,0.01
0.011,0.0
0.014,0.0
0.014,0.01
0.019,0.0
0.019,0.01
0.028,0.0
0.027,0.01
0.055,0.01
0.05,0.05
0.07,0.12
0.057,0.02
0.077,0.01
0.077,0.07
0.061,0.03
0.037,0.03
0.054,0.05
0.0,0.0
0.005,0.0
0.013,0.0
0.004,0.0
0.0,0.0
0.005,0.0
0.0,0.0
0.005,0.0
0.0,0.0
0.046,0.01
0.06,0.0
0.077,0.02
0.056,0.0
0.061,0.01
0.121,0.01
0.0,0.0
0.301,0.05
0.155,0.02
0.176,0.08
0.278,0.04
0.292,0.19
0.346,0.15
0.409,0.18
0.534,0.3
0.637,0.3
0.573,0.43
0.545,0.34
0.811,0.63
0.852,0.8
1.019,0.78
1.172,1.12
1.159,0.93
1.104,1.32
0.884,0.93
0.845,1.75
1.019,1.34
1.083,1.66
0.008,0.0
0.011,0.0
0.013,0.0
0.05,0.0
0.0,0.0
0.053,0.0
0.05,0.0
0.078,0.0
0.085,0.0
0.083,0.0
0.063,0.01
0.075,0.0
0.058,0.0
0.061,0.0
0.089,0.0
0.047,0.02
0.024,0.0
0.01,0.01
0.004,0.0
0.007,0.0
0.014,0.0
0.005,0.0
0.019,0.0
0.022,0.0
0.02,0.01
0.004,0.0
0.039,0.0
0.01,0.0
0.008,0.0
0.009,0.0
0.013,0.0
0.019,0.0
0.018,0.0
0.03,0.01
0.021,0.01
0.012,0.0
0.029,0.01
0.024,0.0
0.018,0.0
0.022,0.01
0.018,0.02
0.026,0.01
0.044,0.02
0.025,0.02
0.03,0.0
0.031,0.0
0.021,0.0
0.039,0.0
0.029,0.0
0.029,0.0
0.195,0.0
0.198,0.0
0.104,0.0
0.294,0.0
0.094,0.03
0.131,0.0
0.112,0.0
0.13,0.0
0.087,0.03
0.196,0.01
0.168,0.0
0.204,0.0
0.267,0.0
0.236,0.03
0.242,0.02
0.221,0.02
0.285,0.0
0.386,0.05
0.26,0.04
0.269,0.02
0.161,0.07
0.196,0.07
0.222,0.05
0.284,0.06
0.0,0.0
0.0,0.0
0.002,0.0
0.0,0.0
0.0,0.0
0.001,0.0
0.0,0.0
0.003,0.0
0.0,0.0
0.002,0.0
0.015,0.0
0.009,0.0
0.0,0.0
0.004,0.0
0.003,0.0
0.011,0.0
0.018,0.0
0.015,0.0
0.01,0.0
0.022,0.0
0.021,0.0
0.015,0.0
0.012,0.0
0.013,0.01
0.018,0.0
0.021,0.0
0.008,0.0
0.003,0.0
0.022,0.0
0.083,0.0
0.1,0.0
0.063,0.0
0.155,0.02
0.047,0.01
0.229,0.0
0.046,0.02
0.099,0.01
0.097,0.01
0.091,0.01
0.138,0.01
0.172,0.02
0.122,0.01
0.102,0.02
0.12,0.07
0.221,0.05
0.18,0.01
0.303,0.07
0.012,0.0
0.014,0.0
0.017,0.0
0.023,0.0
0.028,0.0
0.063,0.0
0.113,0.02
0.032,0.03
0.0,0.0
0.098,0.02
0.115,0.0
0.116,0.01
0.112,0.05
0.115,0.03
0.088,0.07
0.192,0.06
0.0,0.0
0.136,0.02
0.004,0.0
0.0,0.0
0.005,0.01
0.01,0.01
0.004,0.0
0.011,0.0
0.004,0.0
0.003,0.0
0.005,0.0
0.001,0.0
0.004,0.0
0.008,0.0
0.005,0.0
0.043,0.0
0.031,0.0
0.028,0.0
0.089,0.0
0.0,0.03
0.084,0.02
0.045,0.0
0.032,0.0
0.021,0.02
0.064,0.02
0.1,0.0
0.055,0.02
0.036,0.05
0.181,0.02
0.098,0.06
0.115,0.06
0.258,0.08
0.091,0.17
0.001,0.0
0.004,0.0
0.01,0.0
0.013,0.0
0.016,0.0
0.003,0.01
0.012,0.03
0.047,0.03
0.029,0.03
0.002,0.01
0.045,0.0
0.015,0.07
0.015,-0.02
0.013,0.01
0.077,0.01
0.073,0.06
0.082,0.08
0.09,0.02
0.084,0.03
0.071,0.07
0.096,0.09
0.272,0.14
0.343,0.03
0.128,0.07
0.538,0.1
0.227,0.08
0.322,0.11
0.019,0.01
0.035,0.01
0.016,0.0
0.058,0.01
0.061,0.01
0.013,0.0
0.104,0.0
0.07,0.0
0.111,0.0
0.098,0.02
0.115,0.01
0.152,0.02
0.15,0.04
0.17,0.02
0.168,0.0
0.249,0.02
0.224,0.04
0.193,0.09
0.256,0.02
0.243,0.1
0.392,0.14
0.011,0.0
0.018,0.0
0.0,0.0
0.053,0.0
0.057,0.0
0.076,0.0
0.086,0.0
0.117,0.01
0.0,0.01
0.337,0.01
0.235,0.03
0.26,0.06
0.32,0.02
0.46,0.09
0.302,0.1
0.633,0.1
0.549,0.17
0.724,0.16
0.902,0.24
0.792,0.19
0.446,0.21
1.035,0.2
0.808,0.27
0.783,0.22
0.238,0.0
0.0,0.0
0.058,0.0
0.017,0.0
0.064,0.0
0.038,0.0
0.0,0.0
0.013,0.0
0.008,0.0
0.01,0.0
0.011,0.0
0.013,0.0
0.007,0.0
0.025,0.0
0.011,0.0
0.012,0.0
0.013,0.0
0.028,0.01
0.044,0.0
0.059,0.0
0.088,0.01
0.054,0.0
0.114,0.01
0.02,0.0
0.004,0.0
0.04,0.0
0.034,0.0
0.008,0.0
0.027,0.0
0.026,0.0
0.076,0.0
0.017,0.0
0.031,0.0
0.059,0.0
0.066,0.03
0.143,0.04
0.218,0.04
0.112,0.06
0.123,0.06
0.263,0.03
0.16,0.11
0.363,0.06
0.294,0.22
0.136,0.17
0.215,0.1
0.278,0.23
0.004,0.0
0.0,0.0
0.003,0.0
0.0,0.0
0.008,0.0
0.017,0.0
0.014,0.0
0.004,0.0
0.027,0.0
0.024,0.0
0.033,0.0
0.052,0.01
0.054,0.0
0.053,0.0
0.061,0.0
0.071,0.0
0.057,0.0
0.163,0.02
0.182,0.0
0.196,0.01
0.228,0.0
0.27,0.04
0.302,0.01
0.501,0.08
0.44,0.07
0.771,0.06
0.004,0.0
0.001,0.0
0.009,0.0
0.004,0.0
0.006,0.0
0.01,0.0
0.0,0.0
0.005,0.0
0.007,0.0
0.002,0.0
0.013,0.0
0.0,0.0
0.015,0.01
0.011,0.0
0.007,0.01
0.011,0.02
0.0,0.0
0.021,0.0
0.008,0.02
0.0,0.0
0.01,0.04
0.0,0.0
0.025,0.03
0.0,0.06
0.031,0.0
0.012,0.0
0.0,0.01
0.021,0.0
0.0,0.0
0.015,0.0
0.001,0.01
0.0,0.0
0.006,0.03
0.006,0.01
0.0,0.0
0.009,0.04
0.041,0.0
0.017,0.0
0.0,0.0
0.015,0.0
0.053,0.0
0.0,0.0
0.103,0.0
0.07,0.0
0.048,0.0
0.119,0.0
0.051,0.0
0.205,0.01
0.133,0.01
0.112,0.01
0.092,0.0
0.099,0.01
0.096,0.04
0.154,0.0
0.11,0.02
0.157,0.06
0.165,0.05
0.002,0.0
0.005,0.0
0.0,0.0
0.007,0.0
0.009,0.0
0.02,0.0
0.012,0.0
0.007,0.0
0.013,0.0
0.006,0.0
0.014,0.0
0.011,0.0
0.012,0.0
0.02,0.0
0.013,0.0
0.015,0.01
0.005,0.0
0.002,0.0
0.007,0.0
0.01,0.0
0.018,0.0
0.02,0.0
0.032,0.01
0.036,0.0
0.051,0.01
0.027,0.01
0.054,0.0
0.081,0.01
0.0,-0.03
0.073,0.0
0.202,0.09
0.082,0.03
0.044,0.03
0.115,0.0
0.16,0.12
0.111,0.03
0.002,0.0
0.0,0.0
0.0,0.0
0.006,0.0
0.004,0.0
0.0,0.0
0.002,0.0
0.003,0.0
0.007,0.0
0.005,0.0
0.002,0.0
0.003,0.0
0.008,0.0
0.009,0.0
0.005,0.0
0.003,0.0
0.002,0.0
0.004,0.0
0.003,0.0
0.0,0.0
0.001,0.0
0.0,0.0
0.004,0.0
0.0,0.0
0.002,0.0
0.002,0.0
0.0,0.0
0.0,0.0
0.009,0.0
0.004,0.0
0.002,0.0
0.002,0.0
0.0,0.0
0.007,0.0
0.013,0.0
0.008,0.0
0.012,0.0
0.0,0.0
0.01,0.0
0.018,0.0
0.0,0.0
0.022,0.0
0.012,0.0
0.014,0.0
0.017,0.0
0.023,0.0
0.047,0.0
0.032,0.0
0.04,0.0
0.047,0.02
0.023,0.0
0.054,0.0
0.049,0.0
0.073,0.0
0.052,0.0
0.049,0.0
0.07,0.0
0.042,0.01
0.035,0.0
0.047,0.0
0.074,0.0
0.049,0.01
0.01,0.0
0.009,0.0
0.009,0.0
0.033,0.01
0.018,0.0
0.014,0.0
0.041,0.0
0.007,-0.01
0.001,0.0
0.018,0.0
0.012,0.0
0.01,0.0
0.043,0.0
0.023,0.0
0.022,0.0
0.022,0.0
0.027,0.0
0.037,0.01
0.026,0.0
0.032,0.0
0.052,0.0
0.04,0.01
0.038,0.0
0.034,0.0
0.022,0.0
0.0,0.0
0.011,0.0
0.055,0.0
0.042,0.0
0.031,0.01
0.028,0.01
0.038,0.01
0.048,0.01
0.034,0.01
0.07,0.03
0.052,0.0
0.046,0.02
0.026,0.0
0.046,0.04
0.039,0.0
0.056,0.02
0.013,0.0
0.011,0.0
0.0,0.0
0.054,0.0
0.034,0.0
0.052,0.0
0.038,0.0
0.034,0.0
0.128,0.0
0.152,0.0
0.155,0.0
0.218,0.0
0.243,0.01
0.017,0.0
0.093,0.01
0.046,0.01
0.027,0.02
0.027,0.0
0.082,0.0
0.013,0.0
0.039,0.0
0.036,0.0
0.045,0.01
0.057,0.01
0.037,0.01
0.141,0.02
0.1,0.05
0.173,0.07
0.4,0.11
0.622,0.07
0.582,0.19
0.0,0.01
2.955,0.78
1.159,0.62
1.407,0.94
2.144,0.53
1.806,1.91
2.162,0.9
4.053,2.07
2.447,2.13
4.964,3.32
3.394,3.97
6.368,5.39
4.749,4.97
9.63,8.39
8.271,7.18
7.933,7.73
7.516,8.44
6.875,8.21
7.846,9.13
7.967,7.48
8.195,9.23
7.947,9.61
0.016,0.0
0.007,0.0
0.009,0.0
0.013,0.0
0.004,0.0
0.005,0.0
0.015,0.0
0.005,0.0
0.0,0.0
0.004,0.0
0.0,0.0
0.007,0.01
0.004,0.0
0.005,0.01
0.021,0.0
0.003,0.01
0.005,0.01
0.014,0.0
0.059,0.0
0.007,0.0
0.06,0.0
0.042,0.0
0.045,0.0
0.107,0.0
0.145,0.01
0.099,0.0
0.215,0.0
0.147,0.01
0.061,0.01
0.081,0.03
0.087,0.01
0.089,0.03
0.16,0.01
0.2,0.05
0.124,0.04
0.171,0.01
0.112,0.04
0.24,0.11
0.24,0.26
0.314,0.15
0.229,0.28
0.378,0.0
0.253,0.05
0.328,0.36
0.407,0.34
0.512,0.59
0.621,0.69
0.014,0.0
0.034,0.0
0.024,0.01
0.1,0.0
0.054,0.0
0.069,0.01
0.037,0.0
0.117,0.01
0.161,0.01
0.0,0.0
0.487,0.07
0.22,0.02
0.841,0.01
0.0,0.0
0.5,0.13
0.328,0.01
1.047,0.13
1.219,0.13
1.281,0.21
0.899,0.23
1.321,0.22
1.082,0.02
1.02,0.31
0.914,0.38
1.117,0.4
1.148,0.33
0.753,0.36
1.093,0.59
0.683,0.74
1.163,0.55
1.059,0.48
0.005,0.0
0.0,0.0
0.001,0.0
0.001,0.0
0.0,0.0
0.0,0.0
0.0,0.0
0.0,0.0
0.0,0.0
0.0,0.0
0.002,0.01
0.002,0.0
0.0,0.0
0.001,0.0
0.001,0.0
0.002,0.0
0.0,0.0
0.002,0.0
0.002,0.0
0.001,0.0
0.001,0.0
0.0,0.0
0.002,0.0
0.005,0.0
0.001,0.0
0.001,0.0
0.001,0.0
0.0,0.0
0.002,0.0
0.001,0.0
0.0,0.0
0.0,0.0
0.0,0.0
0.002,0.0
0.001,0.0
0.001,0.0
0.001,0.0
0.003,0.0
0.006,0.0
0.008,0.0
0.01,0.0
0.023,0.0
0.008,0.0
0.027,0.01
0.018,0.0
0.016,0.0
0.026,0.0
0.02,0.0
0.02,0.0
0.017,0.0
0.015,0.0
0.016,0.0
0.015,0.0
0.008,0.03
0.016,0.0
0.007,0.0
0.01,0.0
0.0,0.0
0.005,0.0
0.0,0.01
0.001,0.0
0.0,0.0
0.0,0.0
0.0,0.0
0.006,0.0
0.0,0.0
0.0,0.0
0.0,0.0
0.007,0.0
0.0,0.0
0.0,0.0
0.001,0.0
0.0,0.0
0.0,0.0
0.0,0.0
0.0,0.0
0.001,0.0
0.001,0.0
0.0,0.0
0.0,0.0
0.0,0.0
0.0,0.0
0.0,0.0
0.0,0.0
0.0,0.0
0.002,0.0
0.003,0.0
0.0,0.0
0.001,0.0
0.001,0.0
0.0,0.01
0.001,0.0
0.0,0.0
0.0,0.0
0.004,0.0
0.001,0.0
0.002,0.0
0.0,0.0
0.0,0.0
0.003,0.0
0.006,0.0
0.011,0.0
0.005,0.0
0.007,0.0
0.032,0.0
0.033,0.0
0.03,0.0
0.035,0.0
0.06,0.0
0.05,0.0
0.089,0.0
0.188,0.0
0.122,0.0
0.106,0.03
0.107,0.0
0.111,0.0
0.091,0.01
0.109,0.01
0.143,0.01
0.136,0.02
0.127,0.01
0.12,0.02
0.104,0.03
0.0,0.0
0.002,0.01
0.0,0.0
0.0,0.0
0.005,0.0
0.004,0.0
0.002,0.01
0.003,0.0
0.001,0.0
0.006,0.0
0.003,0.01
0.005,0.0
0.001,0.01
0.008,0.01
0.004,0.0
0.004,0.0
0.005,0.0
0.003,0.02
0.004,0.0
0.005,0.0
0.01,0.01
0.015,0.0
0.006,0.0
0.015,0.02
0.014,0.0
0.025,0.01
0.059,0.01
0.024,0.01
0.03,0.0
0.051,0.02
0.034,0.0
0.0,0.0
0.082,0.02
0.029,0.02
0.032,0.02
0.094,0.02
0.167,0.01
0.311,0.05
0.566,0.21
0.293,0.07
0.343,0.07
0.561,0.15
1.196,0.16
2.069,0.17
1.704,0.16
1.815,0.23
1.61,0.37
2.704,0.46
2.148,0.63
2.456,0.79
0.003,0.0
0.0,0.0
0.011,0.0
0.0,0.0
0.001,0.0
0.026,0.0
0.0,0.0
0.024,0.0
0.048,0.02
0.051,0.0
0.114,0.0
0.046,0.04
0.119,0.01
0.073,0.03
0.097,0.04
0.149,0.03
0.103,0.02
0.0,0.0
0.001,0.0
0.0,0.0
0.0,0.0
0.0,0.0
0.0,0.0
0.0,0.0
0.004,0.0
0.0,0.0
0.0,0.0
0.0,0.0
0.0,0.0
0.0,0.0
0.006,0.0
0.002,0.0
0.0,0.0
0.0,0.0
0.006,0.0
0.0,0.0
0.002,0.0
0.0,0.0
0.016,0.0
0.0,0.0
0.0,0.0
0.029,0.0
0.0,0.0
0.011,0.0
0.0,0.0
0.0,0.0
0.013,0.0
0.0,0.0
0.0,0.0
0.015,0.0
0.027,0.0
0.0,0.02
0.013,0.0
0.0,0.0
0.045,0.0
0.05,0.0
0.085,0.0
0.0,0.0
0.072,0.0
0.063,0.0
0.102,0.01
0.041,0.02
0.053,0.01
0.15,0.02
0.21,0.0
0.005,0.0
0.005,0.0
0.0,0.0
0.003,0.0
0.006,0.0
0.004,0.0
0.0,0.0
0.01,0.0
0.02,0.01
0.022,0.0
0.009,0.0
0.011,0.01
0.033,0.0
0.0,0.01
0.031,0.0
0.021,0.0
0.009,0.0
0.02,0.0
0.001,0.0
0.009,0.0
0.004,0.0
0.0,0.0
0.012,0.0
0.007,0.0
0.003,0.0
0.01,0.0
0.007,0.0
0.011,0.0
0.008,0.01
0.027,0.0
0.0,0.0
0.0,0.0
0.0,0.0
0.0,0.0
0.0,0.0
0.004,0.0
0.0,0.0
0.0,0.0
0.002,0.0
0.005,0.0
0.003,0.0
0.013,0.0
0.004,0.0
0.011,0.0
0.034,0.0
0.03,0.01
0.048,0.01
0.043,0.0
0.067,0.01
0.048,0.01
0.061,0.02
0.074,0.02
0.0,0.0
0.342,0.0
0.342,0.13
0.0,0.0
0.403,0.34
0.407,0.0
0.676,0.16
0.063,0.66
1.294,0.4
1.035,0.56
0.665,0.48
0.967,0.54
1.427,0.87
1.452,0.43
2.129,1.13
2.885,1.81
2.546,2.6
2.433,2.09
2.619,1.8
3.009,3.81
4.324,5.63
4.244,5.69
0.015,0.0
0.016,0.0
0.048,0.0
0.004,0.0
0.0,0.0
0.027,0.0
0.028,0.0
0.021,0.0
0.036,0.0
0.03,0.01
0.006,0.0
0.028,0.0
0.0,0.01
0.012,0.02
0.0,0.0
0.0,0.0
0.0,0.0
0.001,0.0
0.0,0.0
0.001,0.0
0.0,0.0
0.0,0.0
0.0,0.0
0.0,0.0
0.0,0.0
0.0,0.0
0.0,0.0
0.002,0.0
0.0,0.0
0.0,0.0
0.036,0.0
0.0,0.0
0.006,0.0
0.001,0.0
0.002,0.0
0.008,0.01
0.006,0.0
0.024,0.05
0.02,0.01
0.031,0.04
0.068,0.01
0.045,0.02
0.14,0.03
0.116,0.04
0.065,0.01
0.376,0.06
0.322,0.08
0.382,0.04
0.516,0.07
0.548,0.07
0.772,0.09
1.133,0.22
1.789,0.23
1.362,0.1
5.894,0.82
5.423,0.44
6.389,0.63
7.787,1.1
10.571,1.4
9.893,1.49
12.038,2.36
18.058,2.67
17.821,3.72
19.821,4.45
19.408,4.41
20.921,5.11
26.365,8.95
25.2,8.84
30.081,11.69
0.0,0.0
0.003,0.0
0.004,0.0
0.01,0.0
0.015,0.0
0.013,0.01
0.016,0.01
0.04,0.0
0.005,0.0
0.023,0.0
0.009,0.0
0.024,0.0
0.0,0.0
0.028,0.0
0.0,0.0
0.007,0.0
0.007,0.0
0.007,0.0
0.016,0.0
0.0,0.01
0.012,0.01
0.0,0.0
0.016,0.01
0.0,0.0
0.008,0.0
0.003,0.02
0.001,0.0
0.001,0.0
0.0,0.0
0.001,0.0
0.0,0.0
0.0,0.0
0.0,0.0
0.0,0.0
0.0,0.0
0.0,0.0
0.0,0.0
0.0,0.0
0.0,0.0
0.0,0.0
0.0,0.0
0.0,0.0
0.0,0.0
0.0,0.0
0.0,0.0
0.0,0.0
0.0,0.0
0.0,0.0
0.0,0.0
0.0,0.0
0.0,0.0
0.0,0.0
0.002,0.0
0.012,0.0
0.0,0.0
0.001,0.0
0.007,0.0
0.001,0.0
0.008,0.0
0.006,0.0
0.003,0.0
0.005,0.0
0.005,0.0
0.009,0.0
0.01,0.0
0.006,0.0
0.003,0.0
0.019,0.0
0.01,0.0
0.011,0.0
0.007,0.0
0.012,0.0
0.01,0.0
0.011,0.0
0.014,0.0
0.015,0.0
0.009,0.0
0.006,0.0
0.015,0.0
0.006,0.0
0.0,0.0
0.001,0.0
0.003,0.01
0.003,0.01
0.005,0.0
